ndata,sigma,theta_median,theta_iqrs,quartiles1,quartiles3,theta_coverage
500,20.0,149.99041230461177,0.044175190001567444,149.97408380019584,150.0182589901974,true
500,20.0,150.02052707571136,0.04401865528799931,150.00392469671556,150.04794335200356,false
500,20.0,149.93843528450304,0.04639157125328097,149.9218086357534,149.96820020700667,false
500,20.0,150.010897952529,0.04396284124041472,149.99471605650592,150.03867889774634,true
500,20.0,150.00701981053845,0.04425130429135038,149.99142159135502,150.03567289564637,true
500,20.0,150.01150244052366,0.04391413080344364,149.99516453918284,150.03907866998628,true
500,20.0,149.9196995015257,0.04756486421186423,149.90120459475972,149.94876945897158,false
500,20.0,149.9986122130981,0.04320835962454339,149.98284592568575,150.0260542853103,true
500,20.0,149.99289076609585,0.04407868561375494,149.97562770914138,150.01970639475513,true
500,20.0,149.9686732908155,0.04625473273438274,149.9516247271558,149.99787945989019,false
500,20.0,150.0177735526221,0.043386336961475536,150.0017573971273,150.04514373408878,false
500,20.0,150.02307844502465,0.04318574892425886,150.0068622556626,150.05004800458687,false
500,20.0,150.02666250895308,0.044783502391737784,150.00929167220676,150.0540751745985,false
500,20.0,149.98385549411643,0.04498238581095393,149.96656630533326,150.0115486911442,true
500,20.0,150.00874024024813,0.04320763133841865,149.99273425239204,150.03594188373046,true
500,20.0,150.02112754857453,0.041914393609175704,150.00563892027589,150.04755331388506,false
500,20.0,149.96216303716466,0.045754108930509574,149.9452472657716,149.9910013747021,false
500,20.0,150.0059781809187,0.044760552394620845,149.9896715900366,150.03443214243123,true
500,20.0,150.00418905485287,0.04293075392942569,149.9877988293229,150.03072958325234,true
500,20.0,149.9202914714689,0.046092227078673886,149.90293556781464,149.9490277948933,false
500,20.0,149.9948707280775,0.04578105941516242,149.97847228366948,150.02425334308464,true
500,20.0,149.96238952079108,0.045883895631988025,149.94549074053214,149.99137463616412,false
500,20.0,150.00050665017267,0.04508939773180032,149.98270291742674,150.02779231515854,true
500,20.0,149.99920160505866,0.041433674493049466,149.9839106126997,150.02534428719275,true
500,20.0,150.02584498426907,0.042623103724139355,150.0090286775455,150.05165178126964,false
500,20.0,149.92662196416842,0.04096843384888871,149.91100629589357,149.95197472974246,false
500,20.0,149.97237135279585,0.04506152980130196,149.95573576379135,150.00079729359265,true
500,20.0,149.9440868468585,0.04353765840892265,149.92798525333842,149.97152291174734,false
500,20.0,149.9830210568735,0.044917789420281906,149.9664876536342,150.01140544305449,true
500,20.0,150.0251128694477,0.043575362211669244,150.00917292622844,150.0527482884401,false
500,20.0,150.01981279179438,0.0446262989028412,150.00374973039766,150.0483760293005,false
500,20.0,149.98758824566164,0.04406482219309282,149.9712628064439,150.01532762863698,true
500,20.0,149.89568748648128,0.042615839859450944,149.88025315066722,149.92286899052667,false
500,20.0,150.00832364515995,0.04275291176736573,149.99257898310583,150.0353318948732,true
500,20.0,149.91224655519974,0.04451064856709763,149.89597007354718,149.94048072211427,false
500,20.0,149.99504499796842,0.04641285920385485,149.97849706431023,150.0249099235141,true
500,20.0,150.00716055784497,0.0428202440693326,149.99185385095186,150.0346740950212,true
500,20.0,150.0224675413506,0.04305127075758719,150.00698008725624,150.05003135801383,false
500,20.0,149.9563872879295,0.041860870084860835,149.94175777276467,149.98361864284954,false
500,20.0,150.01639432372394,0.04331520709411052,150.00027173183196,150.04358693892607,false
500,20.0,150.0209862214462,0.04504399086627586,150.00430458055175,150.04934857141802,false
500,20.0,149.99880715512936,0.04380169834897174,149.98288440392585,150.02668610227482,true
500,20.0,150.0251782374331,0.04415692875716104,150.00901172724804,150.0531686560052,false
500,20.0,150.00139778991002,0.04362897093653828,149.9854626795938,150.02909165053035,true
500,20.0,150.01963004808454,0.04662617850814854,150.0031674324519,150.04979361096005,false
500,20.0,150.0233715429805,0.04309162183915305,150.00666041437637,150.04975203621552,false
500,20.0,149.96754768092458,0.04164218278768317,149.95179575512435,149.99343793791203,false
500,20.0,150.0092276181642,0.044311070423788124,149.99365937253373,150.03797044295752,true
500,20.0,149.96098696705997,0.04384035193436375,149.94508381353026,149.98892416546462,false
500,20.0,150.0145493349025,0.0454913621887556,149.9977465182353,150.04323788042404,true
500,20.0,149.96008349455977,0.041601019335303135,149.94506477878042,149.98666579811572,false
500,20.0,150.00722187009296,0.04469655852051346,149.99122935842803,150.03592591694854,true
500,20.0,149.97473978974364,0.045190189333112585,149.9580423745732,150.00323256390632,true
500,20.0,149.99285345743363,0.047726838795881577,149.97601777354075,150.02374461233663,true
500,20.0,150.00475141814962,0.04605116460010095,149.98755848824345,150.03360965284355,true
500,20.0,150.00826107676482,0.04389134544095441,149.99195269154905,150.03584403699,true
500,20.0,149.9553244219938,0.044174268094991476,149.93872607776825,149.98290034586324,false
500,20.0,150.01577547977928,0.0443727339838631,149.99961828517647,150.04399101916033,true
500,20.0,149.96405473887353,0.043767396611656295,149.94803650307816,149.9918038996898,false
500,20.0,149.96926900351758,0.043482479459896695,149.9527009707175,149.9961834501774,false
500,20.0,150.0230289468567,0.041389295445156904,150.00777805168525,150.0491673471304,false
500,20.0,150.0092345772556,0.042417540983223034,149.99362269986557,150.0360402408488,true
500,20.0,149.98534736901559,0.04686878056281785,149.96813954965313,150.01500833021595,true
500,20.0,150.02590658217247,0.0451587230283792,150.00952012572006,150.05467884874844,false
500,20.0,150.01728130650685,0.04450447842427252,150.00023075717414,150.0447352355984,false
500,20.0,149.9408132306891,0.04613952962046142,149.9236172436078,149.96975677322826,false
500,20.0,149.99227076794105,0.04330021474416412,149.9764902704772,150.01979048522136,true
500,20.0,149.97060859887185,0.042495503915262134,149.9541464395789,149.99664194349415,false
500,20.0,150.01102272742943,0.04306641773194997,149.99444324633774,150.0375096640697,true
500,20.0,149.98365133701793,0.046064015564638794,149.96683087650084,150.01289489206548,true
500,20.0,150.01112838959452,0.04626458675744516,149.99399556479318,150.04026015155063,true
500,20.0,150.02421234638675,0.0423827457998982,150.00819111618353,150.05057386198342,false
500,20.0,149.96999237786645,0.04671530013905567,149.95287798577021,149.99959328590927,false
500,20.0,149.88538660192842,0.04485236097093548,149.86923317527854,149.91408553624947,false
500,20.0,149.98779038181806,0.04095920043292267,149.97259923783844,150.01355843827136,true
500,20.0,149.95549500549862,0.04512689937169512,149.9391486138695,149.9842755132412,false
500,20.0,150.02406822333535,0.0427546969775392,150.00830703963487,150.0510617366124,false
500,20.0,150.0191338393839,0.0447947253109362,150.0025983776546,150.04739310296554,false
500,20.0,149.969229039038,0.043056234872437926,149.9539754386954,149.99703167356785,false
500,20.0,149.99396539822567,0.045129126926013896,149.97675057114856,150.02187969807457,true
500,20.0,149.9785854393067,0.04474357056406575,149.96218722173995,150.00693079230402,true
500,20.0,150.0074123581436,0.04155267836532062,149.99237188369813,150.03392456206345,true
500,20.0,149.9861995947653,0.04185742476650489,149.97077329260378,150.01263071737029,true
500,20.0,150.02536094960738,0.04629839992196594,150.00802420646454,150.0543226063865,false
500,20.0,150.00901059049647,0.04075652580459632,149.99334803270105,150.03410455850565,true
500,20.0,150.02688281538383,0.04386656515623599,150.01078542945777,150.054651994614,false
500,20.0,150.01159077823215,0.04513674287269964,149.99418578714054,150.03932253001324,true
500,20.0,150.0096619097455,0.0446515520130788,149.99370864242044,150.03836019443352,true
500,20.0,150.00342769929193,0.045363944454237526,149.98700754742586,150.0323714918801,true
500,20.0,149.95327349768218,0.04122904485424783,149.93765392639722,149.97888297125147,false
500,20.0,149.96998793619252,0.04203334266625802,149.95474995679893,149.9967832994652,false
500,20.0,150.00950241969167,0.045160162403504955,149.99268773694234,150.03784789934585,true
500,20.0,150.00352393032585,0.04295700639727329,149.9871755037004,150.03013251009767,true
500,20.0,150.0261456429044,0.04693402356795673,150.00886303883436,150.05579706240232,false
500,20.0,149.9979875145006,0.047317661424813195,149.9803655677589,150.0276832291837,true
500,20.0,150.01560600607178,0.04433929710731377,149.9994790306922,150.04381832779953,true
500,20.0,149.90106338932642,0.043632599107468195,149.88493344873527,149.92856604784274,false
500,20.0,150.02835751066186,0.0478892808809519,150.01125504952665,150.0591443304076,false
500,20.0,150.02612926427787,0.045009107516278846,150.00915232561061,150.0541614331269,false
500,20.0,150.00848774775056,0.04337149021691289,149.99265327192535,150.03602476214226,true
500,20.0,149.9929073155737,0.0426720147849835,149.97723333807122,150.0199053528562,true
500,20.0,149.9516422740831,0.043421913332991835,149.93509038498357,149.97851229831656,false
500,20.0,149.96914522231702,0.044738869119100855,149.9530043200284,149.9977431891475,false
500,20.0,149.97196585979515,0.042941096677594714,149.95581039229828,149.99875148897587,false
500,20.0,150.02347795906977,0.044231895236492846,150.0074875461823,150.05171944141878,false
500,20.0,149.95713445780905,0.04397425963583146,149.94089981014537,149.9848740697812,false
500,20.0,150.0217716572634,0.04060230764810058,150.00765387068293,150.04825617833103,false
500,20.0,149.9992414444046,0.044280596825046814,149.98324713758637,150.02752773441142,true
500,20.0,149.9900708031072,0.044983113055707236,149.97498361190355,150.01996672495926,true
500,20.0,150.0216118285251,0.04488113010549455,150.00543533037558,150.05031646048107,false
500,20.0,150.00578302372855,0.041869289819118194,149.99027853851422,150.03214782833334,true
500,20.0,149.9939005576785,0.04538442004346166,149.97771627573096,150.02310069577442,true
500,20.0,150.02027250571535,0.04145044425774813,150.00465638657323,150.04610683083098,false
500,20.0,150.01093541178022,0.04600103805327649,149.99383336670925,150.03983440476253,true
500,20.0,150.0269341792121,0.044469679120197725,150.01038276938817,150.05485244850837,false
500,20.0,150.0267295419021,0.04391181218801421,150.01123443845023,150.05514625063824,false
500,20.0,150.02195881885683,0.044930098418717535,150.00563413468075,150.05056423309946,false
500,20.0,149.94203785787812,0.04297098661868404,149.92593764038145,149.96890862700013,false
500,20.0,149.99877086232942,0.04277295453502461,149.98268908238882,150.02546203692384,true
500,20.0,149.99654181022464,0.04230866043715764,149.98032711404784,150.022635774485,true
500,20.0,150.0161973972669,0.04526703988452141,149.999422403587,150.04468944347153,true
500,20.0,150.02611198900905,0.04423362833847477,150.00939296088166,150.05362658922013,false
500,20.0,150.02249145659513,0.044846533676007994,150.00629806182994,150.05114459550595,false
500,20.0,150.02205875767328,0.044924804042892674,150.0060860222307,150.0510108262736,false
500,20.0,149.99608797207623,0.04377455880802472,149.9801249529026,150.02389951171062,true
500,20.0,150.02079691189607,0.04756090713894423,150.00296286545918,150.05052377259813,false
500,20.0,150.01305156919364,0.04683819411209811,149.99570707850674,150.04254527261884,true
500,20.0,149.96251093382477,0.044126767120019394,149.9460638179993,149.9901905851193,false
500,20.0,149.99687589695816,0.041508876445931264,149.98119698969853,150.02270586614446,true
500,20.0,149.98199434915946,0.04407854535770639,149.9666967956655,150.01077534102322,true
500,20.0,149.94080576893532,0.04283467127163476,149.92541017478533,149.96824484605696,false
500,20.0,149.94826237069742,0.04538256926707618,149.93161245501037,149.97699502427744,false
500,20.0,150.0139016475424,0.045984587278610434,149.99672990856317,150.04271449584178,true
500,20.0,150.01604042165263,0.045549743635092454,149.99864395079703,150.04419369443212,true
500,20.0,149.9927163062091,0.046045861435004554,149.97614473968628,150.02219060112128,true
500,20.0,150.02266806083898,0.04515319107542837,150.00641056754853,150.05156375862396,false
500,20.0,149.8980293502297,0.04133136142124272,149.88238051298882,149.92371187441006,false
500,20.0,150.00012862121983,0.043269260761945816,149.98431379720785,150.0275830579698,true
500,20.0,150.02541114658928,0.045882415161912604,150.00842779270252,150.05431020786443,false
500,20.0,149.96158415473775,0.040593900785609094,149.9463281531443,149.9869220539299,false
500,20.0,149.97276086075794,0.04394602478637921,149.95705363779896,150.00099966258534,true
500,20.0,150.02303428549544,0.04440179019391621,150.00636641564026,150.05076820583417,false
500,20.0,150.01732549369495,0.04419417968207995,150.0010496371946,150.04524381687668,false
500,20.0,150.0175442762349,0.0463922101160108,150.00025275384382,150.04664496395984,false
500,20.0,149.9997409414172,0.04256242884068229,149.98418262421956,150.02674505306024,true
500,20.0,149.94730083155275,0.04257667722237102,149.9310516156479,149.97362829287027,false
500,20.0,149.94898833540023,0.045692430380029236,149.93267669127465,149.97836912165468,false
500,20.0,150.02353745591287,0.0472786724043317,150.0059009646584,150.05317963706273,false
500,20.0,150.01796429253716,0.04186275576603293,150.0025428511666,150.04440560693263,false
500,20.0,149.95362587803746,0.04272514587887599,149.93830551900135,149.98103066488022,false
500,20.0,149.9965713266222,0.04271766074231209,149.98037627703297,150.0230939377753,true
500,20.0,149.97665309843052,0.04326495286068166,149.96083749790643,150.0041024507671,true
500,20.0,150.02660493764097,0.04385609822804781,150.01044958276748,150.05430568099553,false
500,20.0,150.00505819487856,0.04293768175642754,149.9888028239375,150.03174050569393,true
500,20.0,149.91839134044807,0.04494981183540858,149.90147723019075,149.94642704202616,false
500,20.0,149.98623417519886,0.04488035564168058,149.97032748379235,150.01520783943403,true
500,20.0,149.86396838149443,0.0432355802380755,149.84868171323868,149.89191729347675,false
500,20.0,150.00329797651443,0.04414255210863871,149.98728298677568,150.03142553888432,true
500,20.0,149.93646214206206,0.04279858414506066,149.92041136054104,149.9632099446861,false
500,20.0,150.0197161703494,0.04240111223876397,150.0040230342652,150.04642414650397,false
500,20.0,150.0232727056186,0.0431232794485652,150.0081244363156,150.05124771576416,false
500,20.0,149.965297595766,0.042830909358912095,149.95031202840204,149.99314293776095,false
500,20.0,150.01505357631376,0.046070233892322676,149.99798029197322,150.04405052586554,true
500,20.0,149.990076144208,0.04388897456206564,149.97394571018884,150.0178346847509,true
500,20.0,150.02201759528396,0.04738160530942537,150.0053625194198,150.05274412472923,false
500,20.0,149.9754654134582,0.04229229858896133,149.9598121915447,150.00210449013366,true
500,20.0,150.00643275018405,0.04350335443587028,149.9901365438949,150.03363989833076,true
500,20.0,150.00791662604126,0.04387868597297029,149.9914851118089,150.03536379778188,true
500,20.0,150.01934417256726,0.04340834385524772,150.00379275169277,150.04720109554802,false
500,20.0,149.9435213562381,0.04327562896554582,149.9275691625233,149.97084479148884,false
500,20.0,149.90309959450713,0.04431091720877589,149.88733899082743,149.9316499080362,false
500,20.0,149.96267263003114,0.0411370394767232,149.9470657679704,149.98820280744712,false
500,20.0,149.99417924346164,0.04598233969684884,149.97811550260732,150.02409784230417,true
500,20.0,149.9783791074204,0.03890434250894259,149.96415925725535,150.0030635997643,true
500,20.0,149.94195756453905,0.04607962569031088,149.9249600767326,149.9710397024229,false
500,20.0,150.0199403151592,0.044414308460034135,150.003234183039,150.04764849149905,false
500,20.0,150.0226570161022,0.042497971818846736,150.0068611240661,150.04935909588494,false
500,20.0,150.02808740899067,0.046616273840697886,150.0109197903912,150.0575360642319,false
500,20.0,150.02472354826756,0.043012034461298754,150.00848284716758,150.05149488162888,false
500,20.0,149.97433686437054,0.041928938811395255,149.9580969168693,150.0000258556807,true
500,20.0,150.02691869302186,0.0460359973659763,150.01021455953662,150.0562505569026,false
500,20.0,150.00160087239811,0.045908484820955664,149.98417091389646,150.03007939871742,true
500,20.0,150.01321775218292,0.04382836970441417,149.99668922237385,150.04051759207826,true
500,20.0,150.01869036775955,0.04231638134777427,150.00304066483895,150.04535704618672,false
500,20.0,150.02937511343822,0.04715570500681565,150.01267491362836,150.05983061863517,false
500,20.0,150.00241697212192,0.04230486788947019,149.98635772587647,150.02866259376594,true
500,20.0,150.01038851461368,0.04405296908842615,149.9951700621843,150.0392230312727,true
500,20.0,149.9146404176031,0.043549041005718436,149.89772613958883,149.94127518059454,false
500,20.0,149.9620543625551,0.04555154131691097,149.9461134831477,149.99166502446462,false
500,20.0,149.9751895185057,0.044271538363716445,149.9590715992489,150.0033431376126,true
500,20.0,150.01522943197685,0.04377705956321165,149.99889976358642,150.04267682314963,true
500,20.0,149.97784903390414,0.045060209601928136,149.9616921207334,150.00675233033533,true
500,20.0,150.0052159616243,0.04357930869699089,149.9893375380061,150.0329168467031,true
500,20.0,150.01183002973033,0.041236224883903105,149.99640321168962,150.03763943657353,true
500,20.0,150.02063123778026,0.042939705752644386,150.00442650881965,150.0473662145723,false
500,20.0,150.018799477543,0.042054629789419096,150.0027931600037,150.04484778979312,false
500,20.0,150.0089414712026,0.04359749448497041,149.99261370238207,150.03621119686704,true
500,20.0,150.02094128834227,0.043019000925710316,150.00542137108897,150.04844037201468,false
500,20.0,150.00603107813154,0.039811266562793435,149.99088721519954,150.03069848176233,true
500,20.0,150.0057314628021,0.04252931764580126,149.98958309105348,150.03211240869928,true
500,20.0,150.0023532445108,0.04576994729825401,149.9853295532148,150.03109950051305,true
500,20.0,149.97570781039002,0.04374386250711382,149.9598322327075,150.0035760952146,true
500,20.0,149.990842005944,0.04397893893670357,149.97609673283867,150.02007567177537,true
500,20.0,149.9185418199769,0.04463243835178332,149.90136938897186,149.94600182732364,false
500,20.0,150.0058090890156,0.0427220523454821,149.99006115483377,150.03278320717925,true
500,20.0,150.01497995453713,0.04754283578395757,149.99694665377712,150.04448948956107,true
500,20.0,149.98667271418935,0.04309287635001624,149.9704681137368,150.01356099008683,true
500,20.0,150.01050136530557,0.04608180298779985,149.9937061227639,150.0397879257517,true
500,20.0,150.02330001007408,0.044762913020690576,150.00659585163135,150.05135876465204,false
500,20.0,150.00778805871775,0.04402144206409275,149.9908365434166,150.0348579854807,true
500,20.0,150.00505664894612,0.04299947158634154,149.98792378392932,150.03092325551566,true
500,20.0,149.99359256102753,0.04387053652433792,149.97735651346358,150.0212270499879,true
500,20.0,149.95425710923826,0.04378791127044224,149.937640651925,149.98142856319544,false
500,20.0,149.90699984805988,0.04081102029607564,149.89125786034373,149.9320688806398,false
500,20.0,150.02165662614476,0.04515887919905026,150.0052524137559,150.05041129295495,false
500,20.0,150.02292806874067,0.045118743357704716,150.00592346369723,150.05104220705493,false
500,20.0,149.98664653988595,0.04245318895240757,149.97040764225855,150.01286083121096,true
500,20.0,149.9562033042322,0.04696818052113372,149.93806145229203,149.98502963281317,false
500,20.0,149.99466317785766,0.044807934169938335,149.97827282839341,150.02308076256335,true
500,20.0,150.0195002099785,0.04335636242328178,150.00363953182355,150.04699589424683,false
500,20.0,149.98945796670924,0.04331460035623991,149.97319266599487,150.0165072663511,true
500,20.0,149.9962571990962,0.04492484857917134,149.9794335775212,150.02435842610038,true
500,20.0,150.00847368816244,0.041641395886216515,149.99282569940067,150.03446709528689,true
500,20.0,150.01539484350906,0.044435019781076335,149.99913618030894,150.04357120009,true
500,20.0,149.99883246961065,0.04558929858720262,149.98266517735323,150.02825447594043,true
500,20.0,149.93505140806423,0.04403178661166862,149.91897295116223,149.9630047377739,false
500,20.0,150.0035023551976,0.04525182222769786,149.98660367009072,150.0318554923184,true
500,20.0,149.94454775104634,0.042838098997577845,149.928644442725,149.97148254172257,false
500,20.0,149.94969966694217,0.04290749418802875,149.9341306245685,149.97703811875652,false
500,20.0,150.00318500520385,0.04320802764345899,149.98715957739776,150.03036760504122,true
500,20.0,149.99132523840132,0.049346997673808346,149.97354408128982,150.02289107896362,true
500,20.0,149.93431276909962,0.04314918073603735,149.91817642593432,149.96132560667036,false
500,20.0,150.02929555128418,0.047142734051760726,150.0120007631325,150.05914349718427,false
500,20.0,150.00856121924164,0.04268084328091959,149.99325539245172,150.03593623573263,true
500,20.0,150.0077026279443,0.042033771637250084,149.99131438543446,150.0333481570717,true
500,20.0,150.0301632410447,0.04783970983240238,150.01206241129597,150.05990212112837,false
500,20.0,150.0195192738613,0.04414333095357392,150.00336090394194,150.0475042348955,false
500,20.0,150.01614035448895,0.04448716471870284,149.9994853197173,150.043972484436,true
500,20.0,150.02744042897365,0.04720837490393137,150.00905592471705,150.05626429962098,false
500,20.0,149.97335789404505,0.04437396150103723,149.95751007266279,150.00188403416382,true
500,20.0,149.97434082297897,0.04443078271216905,149.9587137367291,150.00314451944126,true
500,20.0,150.0038869688876,0.04745357027758246,149.98605606864737,150.03350963892495,true
500,20.0,150.00552823064942,0.04469897853294924,149.9893582913313,150.03405726986426,true
500,20.0,150.01503322844286,0.04370764967677587,149.99852347603638,150.04223112571316,true
500,20.0,149.95471915579975,0.041863303767229354,149.9379705605966,149.97983386436383,false
500,20.0,149.9908531001018,0.04456995810483022,149.97482091098738,150.0193908690922,true
500,20.0,149.99356319647532,0.04638108385088913,149.97645720085663,150.02283828470752,true
500,20.0,150.02056578252746,0.045718517451661,150.00372610094067,150.04944461839233,false
500,20.0,150.01258129426958,0.044969317325012526,149.99614916158995,150.04111847891497,true
500,20.0,150.02166067751767,0.04445771700119394,150.00503946617636,150.04949718317755,false
500,20.0,149.98288124913086,0.042431703813520016,149.96715301641544,150.00958472022896,true
500,20.0,149.9820519835188,0.04462862153681613,149.9656066000341,150.01023522157092,true
500,20.0,149.97436008248778,0.043020838394284056,149.95900000451383,150.0020208429081,true
500,20.0,149.97770826620496,0.042356475533495086,149.96184593995252,150.00420241548602,true
500,20.0,149.97356578712336,0.044791085068197845,149.95702068290598,150.00181176797417,true
500,20.0,150.01722934997179,0.04180444304611797,150.0012720111733,150.04307645421943,false
500,20.0,150.00495058063285,0.04502276395606941,149.98799655778913,150.0330193217452,true
500,20.0,150.00062741969037,0.04365760818686226,149.98352926891852,150.02718687710538,true
500,20.0,150.00613484605842,0.045408243974918605,149.98921849639038,150.0346267403653,true
500,20.0,149.9011576703777,0.04540009036549009,149.88451052257628,149.92991061294177,false
500,20.0,149.97842207536087,0.045547241186312704,149.96217173970814,150.00771898089445,true
500,20.0,149.81037695230026,0.043068232846565024,149.7938342979295,149.83690253077606,false
500,20.0,149.98649890003335,0.04542264464055279,149.97055424364117,150.01597688828173,true
500,20.0,149.98353454018059,0.045521590917957155,149.96676842785757,150.01229001877553,true
500,20.0,149.98707458479294,0.046218591783855345,149.9696599054609,150.01587849724476,true
500,20.0,150.00642658853994,0.04517157703040198,149.98902732622722,150.03419890325762,true
500,20.0,150.01455259887828,0.04557242863796773,149.9981458143937,150.04371824303166,true
500,20.0,149.96420137335167,0.042197167143598335,149.94810884719485,149.99030601433844,false
500,20.0,150.02761399309992,0.04400392344246029,150.01106953436988,150.05507345781234,false
500,20.0,150.01301465788106,0.04523109089996069,149.99681979637057,150.04205088727053,true
500,20.0,150.01490981111195,0.04387181548366925,149.9980754951403,150.04194731062398,true
500,20.0,149.8698902676767,0.04455599866525972,149.85370811758133,149.8982641162466,false
500,20.0,150.0227434734286,0.045139083505887356,150.00693406054694,150.05207314405283,false
500,20.0,149.912333326691,0.04344281662130811,149.89603844504316,149.93948126166447,false
500,20.0,149.97194756024743,0.042153096685780156,149.9565558837004,149.99870898038617,false
500,20.0,150.00655496206772,0.04281646691990204,149.99161893876706,150.03443540568696,true
500,20.0,149.95223640606173,0.04213989669193552,149.9363424611077,149.97848235779963,false
500,20.0,150.0090988336948,0.0435878353453063,149.992877120165,150.0364649555103,true
500,20.0,150.0237721435445,0.043161051317127885,150.0079268700616,150.05108792137872,false
500,20.0,149.97582598772007,0.0457377702572046,149.9592422672947,150.00498003755192,true
500,20.0,149.86792804149044,0.044773463988263984,149.85120433253377,149.89597779652203,false
500,20.0,150.0221422811817,0.04529977522219042,150.00572269681783,150.05102247204002,false
500,20.0,150.00425239064344,0.04159558230901439,149.9889714344526,150.0305670167616,true
500,20.0,149.86158461165178,0.04215314431533557,149.84692018264772,149.88907332696306,false
500,20.0,149.9844061979535,0.045232546765475945,149.9682849855165,150.01351753228198,true
500,20.0,149.93866645268622,0.04392001931589107,149.92209531033532,149.9660153296512,false
500,20.0,149.98907958243416,0.04366981869199549,149.97305668217703,150.01672650086903,true
500,20.0,149.92991245791586,0.041902183332950926,149.9143666635125,149.95626884684546,false
500,20.0,149.9861250963909,0.041333389501033935,149.97105999014164,150.01239337964267,true
500,20.0,150.01595028346205,0.042844206271524854,150.00039533092752,150.04323953719904,false
500,20.0,149.93099199245367,0.04526742477952439,149.9146778977938,149.95994532257333,false
500,20.0,150.01609936416642,0.04411237562337078,149.9988678333611,150.04298020898446,true
500,20.0,149.9932637214593,0.04250678084522974,149.9774435141628,150.01995029500802,true
500,20.0,150.0160307876288,0.04455700753737801,150.0000497854299,150.04460679296727,false
500,20.0,150.02417603332634,0.04698587922001707,150.00782962417708,150.0548155033971,false
500,20.0,150.00751384964485,0.04236154885524002,149.99242446894186,150.0347860177971,true
500,20.0,149.9843213655816,0.04499971177293105,149.96781872984772,150.01281844162065,true
500,20.0,150.01585662350533,0.04456235220794724,150.00069272965754,150.0452550818655,false
500,20.0,150.02200350351717,0.043605411265076555,150.00619292184047,150.04979833310554,false
500,20.0,149.99218649525767,0.04330319736902766,149.9760703488176,150.0193735461866,true
500,20.0,149.995266644714,0.04748693898531542,149.97787815767313,150.02536509665845,true
500,20.0,149.93456568124708,0.044291033938236524,149.91783861521236,149.9621296491506,false
500,20.0,149.96108495475914,0.043400315048103266,149.94570121656724,149.98910153161535,false
500,20.0,150.01463259044658,0.04467754294790893,149.99849358759928,150.0431711305472,true
500,20.0,149.9063027163459,0.04068961577729624,149.89091948171705,149.93160909749434,false
500,20.0,149.98904075787644,0.045545603330424456,149.97238412014792,150.01792972347835,true
500,20.0,149.96914348887094,0.04468094148921864,149.9524278188769,149.99710876036613,false
500,20.0,149.95237305710071,0.04603979564694782,149.93521014726997,149.98124994291692,false
500,20.0,149.97819959416603,0.04426056422965985,149.96147997689644,150.0057405411261,true
500,20.0,149.95990122937815,0.04282124255419717,149.94432178569414,149.98714302824834,false
500,20.0,150.00909430972007,0.0452323113090074,149.9928570988723,150.0380894101813,true
500,20.0,150.01222858168433,0.0446728011237667,149.99564685836884,150.0403196594926,true
500,20.0,149.97791431689828,0.042084727329751104,149.9623173371401,150.00440206446984,true
500,20.0,149.98337440504676,0.043181103341055405,149.96760411213904,150.0107852154801,true
500,20.0,150.01137534330167,0.0454653773058169,149.9948202446738,150.04028562197962,true
500,20.0,149.9797880270541,0.043105139710206686,149.9639636249461,150.0070687646563,true
500,20.0,149.98846624293242,0.04368097611992994,149.97295152863123,150.01663250475116,true
500,20.0,150.00763196413277,0.04661567432796687,149.99041066720244,150.0370263415304,true
500,20.0,150.01607749337325,0.04658033159455499,149.99905418446724,150.0456345160618,true
500,20.0,150.00189597937384,0.042401007177574,149.98567579703902,150.0280768042166,true
500,20.0,150.0272424652747,0.04459651644717155,150.0104644552965,150.05506097174367,false
500,20.0,150.01774492221503,0.043350055670430265,150.00166983571467,150.0450198913851,false
500,20.0,149.88933570005094,0.04392733516658609,149.87268783328966,149.91661516845625,false
500,20.0,149.98112303976626,0.04369164596320729,149.96513558241986,150.00882722838307,true
500,20.0,150.0150431023718,0.04402363805746745,149.99884050842542,150.04286414648288,true
500,20.0,150.00988174275415,0.04523005896066934,149.99359576342007,150.03882582238074,true
500,20.0,150.00344811975793,0.04171337319357349,149.98759215148837,150.02930552468194,true
500,20.0,149.97041001132163,0.04380510651023428,149.95391744393257,149.9977225504428,false
500,20.0,149.98157742250243,0.04229667641058654,149.96574580999888,150.00804248640947,true
500,20.0,150.02291387124035,0.04149110034978776,150.0072472324421,150.04873833279188,false
500,20.0,149.96690374172928,0.044825013582993734,149.95036451932933,149.99518953291232,false
500,20.0,150.01071184084594,0.044656380496917336,149.9950362312001,150.039692611697,true
500,20.0,149.98606407851042,0.04424981724872623,149.969709718125,150.01395953537371,true
500,20.0,150.01681466415528,0.04517266904514372,149.99988324191517,150.04505591096031,true
500,20.0,149.93428435638248,0.04519877294396224,149.91732207557484,149.9625208485188,false
500,20.0,150.00826043041667,0.044805037084756805,149.99192316906488,150.03672820614963,true
500,20.0,150.00779836522383,0.045258877000918574,149.99083926276987,150.0360981397708,true
500,20.0,150.00833968052825,0.0447865463065682,149.99219744583195,150.03698399213852,true
500,20.0,149.9018859903289,0.04339186932747907,149.88636417358276,149.92975604291024,false
500,20.0,150.01786780478707,0.04179647634447292,150.00319411642027,150.04499059276475,false
500,20.0,150.00586398839505,0.044622863079013086,149.9901905677893,150.03481343086833,true
500,20.0,150.01769918271168,0.04354585401102895,150.0017059844713,150.04525183848233,false
500,20.0,150.00862804367068,0.045678921484352486,149.99217821752552,150.03785713900987,true
500,20.0,150.024381292642,0.0436065353998174,150.0082138408215,150.05182037622131,false
500,20.0,149.94382497023628,0.04161195899027348,149.9279266446981,149.96953860368836,false
500,20.0,149.99987137437236,0.04200589633765617,149.98507297203483,150.02707886837248,true
500,20.0,150.0266888540876,0.044408702378234466,150.0104469116294,150.05485561400764,false
500,20.0,149.96056004198712,0.042722685226806334,149.94424374009137,149.98696642531817,false
500,20.0,149.94984848865406,0.04436690662598153,149.93294803105982,149.9773149376858,false
500,20.0,149.97253032500188,0.04510814550934583,149.9552723831188,150.00038052862814,true
500,20.0,150.01068442859435,0.043836608172824754,149.99429383185816,150.03813044003098,true
500,20.0,149.99194656747352,0.044438970921646614,149.97580730335068,150.02024627427232,true
500,20.0,150.02529996545582,0.04702190388599092,150.00785206397876,150.05487396786475,false
500,20.0,149.97497188737898,0.04644572098644062,149.95831305335844,150.00475877434488,true
500,20.0,150.00765916906957,0.0450727342875723,149.99105120768746,150.03612394197503,true
500,20.0,150.0220245869172,0.04494523943941431,150.00636328430386,150.05130852374327,false
500,20.0,150.02809290689058,0.04547063110797467,150.01142002656175,150.05689065766973,false
500,20.0,149.98960978748846,0.04322093770775837,149.97353002056866,150.01675095827642,true
500,20.0,150.0239378312652,0.04358456586470538,150.0076925101729,150.0512770760376,false
500,20.0,150.01763110328775,0.041539020712036745,150.00241958226013,150.04395860297217,false
500,20.0,150.00830726869765,0.0426444243474009,149.9928376656575,150.0354820900049,true
500,20.0,149.99501071290103,0.04225936703269895,149.97916628776815,150.02142565480085,true
500,20.0,150.02214486191218,0.04314174594995279,150.00528961361582,150.04843135956577,false
500,20.0,150.02808976988553,0.04449238941333533,150.0115289703921,150.05602135980544,false
500,20.0,150.00792985769692,0.044559061242239295,149.99145542000568,150.03601448124792,true
500,20.0,149.95364969164086,0.04459668773449721,149.93696227761058,149.98155896534507,false
500,20.0,149.99273880477165,0.042607581375222026,149.9777347524676,150.02034233384282,true
500,20.0,149.99158098223023,0.04695006041646366,149.9742375955589,150.02118765597535,true
500,20.0,150.00592418317342,0.046045653606284986,149.98846724979836,150.03451290340465,true
500,20.0,150.0218161263286,0.04257746789684802,150.0059181095094,150.04849557740624,false
500,20.0,149.97740231229335,0.04714643953218456,149.96016853405513,150.0073149735873,true
500,20.0,150.0110797380035,0.0404030502818955,149.99582538677353,150.03622843705543,true
500,20.0,149.9712826487389,0.043331270422982016,149.95539637904477,149.99872764946775,false
500,20.0,149.9945757544104,0.046608843494652774,149.97855128930672,150.02516013280137,true
500,20.0,150.02750759397196,0.04668074676342826,150.0103290145906,150.05700976135404,false
500,20.0,149.96404113182734,0.046969921874477905,149.94664393509458,149.99361385696906,false
500,20.0,149.99720275859758,0.04734444078036404,149.97985031275007,150.02719475353044,true
500,20.0,149.8574829931427,0.043345870702012235,149.84075644368502,149.88410231438704,false
500,20.0,149.99338304251677,0.04326161465792211,149.9773932215491,150.02065483620703,true
500,20.0,150.01280522997652,0.04588893920532655,149.99575515797864,150.04164409718396,true
500,20.0,149.99562676766695,0.04471743875527068,149.97912328822494,150.0238407269802,true
500,20.0,149.9437523564377,0.04116425523977796,149.92811147717254,149.9692757324123,false
500,20.0,150.001585577041,0.043310196464204864,149.9854312357886,150.02874143225282,true
500,20.0,150.015284587272,0.04206705976716307,149.99933006422222,150.04139712398938,true
500,20.0,149.9535299487198,0.04201628711061289,149.93807234685568,149.9800886339663,false
500,20.0,150.02513387535114,0.04313984545458993,150.00919175928638,150.05233160474097,false
500,20.0,150.0139433247368,0.04318324479925195,149.99826270611328,150.04144595091253,true
500,20.0,149.95603909167545,0.04460327361243799,149.9393517905611,149.98395506417353,false
500,20.0,149.9759060566182,0.04418197297820825,149.95993747114304,150.00411944412124,true
500,20.0,149.89432504056367,0.04240214655163754,149.878857846884,149.92125999343563,false
500,20.0,149.97006372556666,0.04247949796459238,149.95461460827198,149.99709410623657,false
500,20.0,150.01074281054753,0.042022153349051905,149.99485217763294,150.036874330982,true
500,20.0,150.02348344590416,0.04814660680153793,150.0058524095301,150.05399901633163,false
500,20.0,149.9832864561408,0.04616272768285512,149.9661759296909,150.01233865737376,true
500,20.0,150.0119724272207,0.046380239441162985,149.99430528738452,150.04068552682568,true
500,20.0,149.98553853723138,0.04422494010873379,149.96914125563723,150.01336619574596,true
500,20.0,149.9855443402222,0.043740860237988954,149.968935271131,150.01267613136898,true
500,20.0,149.928113916977,0.045416009548461034,149.91073533717898,149.95615134672744,false
500,20.0,149.98562530814036,0.04606797148889541,149.96876591685205,150.01483388834095,true
500,20.0,150.02607847397985,0.04289698432523892,150.01015122459123,150.05304820891647,false
500,20.0,149.97824375240228,0.044333661660715507,149.96190578893476,150.00623945059547,true
500,20.0,149.96546184080842,0.04443844725631152,149.94869854589496,149.99313699315127,false
500,20.0,150.01109181941467,0.043676629052527005,149.99528865448053,150.03896528353306,true
500,20.0,150.0098416060637,0.04221912834844943,149.99360455233935,150.0358236806878,true
500,20.0,149.986568456024,0.04312953204080827,149.97095066479747,150.01408019683828,true
500,20.0,149.91848929053043,0.04476600372711914,149.90224012852138,149.9470061322485,false
500,20.0,149.99312354823914,0.043710492431017656,149.9770746006847,150.0207850931157,true
500,20.0,149.9959282759711,0.04518622286687446,149.97894765955,150.02413388241686,true
500,20.0,149.94438066766867,0.0435996235206062,149.92812030504336,149.97171992856397,false
500,20.0,150.0179042156222,0.040973838434069876,150.00207538737254,150.0430492258066,false
500,20.0,150.02054236052442,0.04214390127816614,150.00516478480566,150.04730868608382,false
500,20.0,149.98065662780084,0.04269417414869281,149.9647168099926,150.0074109841413,true
500,20.0,149.96662361318477,0.045303893434777365,149.94989828058914,149.99520217402392,false
500,20.0,149.98948930840646,0.04263740943912353,149.97331182992517,150.0159492393643,true
500,20.0,150.01814056717603,0.042757870498235206,150.0029417491648,150.04569961966303,false
500,20.0,150.01531177892554,0.04239500173008537,149.99901159385786,150.04140659558794,true
500,20.0,149.99394450030326,0.040062382317529455,149.97924615001978,150.0193085323373,true
500,20.0,149.8088988840165,0.04068531478176851,149.79376581533742,149.8344511301192,false
500,20.0,149.97441696836717,0.044747718265625736,149.9580697287554,150.00281744702102,true
500,20.0,150.0213464278899,0.042138357216828126,150.00538258108264,150.04752093829947,false
500,20.0,150.02888772605468,0.0460161667909631,150.0115972012592,150.05761336805017,false
500,20.0,150.01022366124852,0.041170111990254554,149.9949315269551,150.03610163894535,true
500,20.0,150.0243582949064,0.04066893907932467,150.0092618271016,150.04993076618092,false
500,20.0,149.93647465742887,0.04288483537112597,149.92131574833456,149.9642005837057,false
500,20.0,150.0089256552036,0.04109705386974838,149.9943541605304,150.03545121440015,true
500,20.0,149.8584376879441,0.04489843009488936,149.841518445296,149.8864168753909,false
500,20.0,149.9947410062652,0.04363611148085056,149.97841641155782,150.02205252303867,true
500,20.0,150.00425222602894,0.044981036827067555,149.98699306238245,150.03197409920952,true
500,20.0,150.02419822509103,0.042785523241093415,150.0085382772896,150.0513238005307,false
500,20.0,149.96963737522805,0.04460882694178281,149.95294857175782,149.9975573986996,false
500,20.0,150.02514702058255,0.04529180773101871,150.00838430370538,150.0536761114364,false
500,20.0,150.00456801366738,0.04490019006635748,149.9883261780858,150.03322636815216,true
500,20.0,149.91909610370237,0.044193241145364937,149.90379440039135,149.9479876415367,false
500,20.0,149.97989688138796,0.04552105379389104,149.96309718254903,150.00861823634293,true
500,20.0,150.00658575767653,0.04636276634911951,149.98923765253753,150.03560041888665,true
500,20.0,149.99937313268566,0.04256392123340902,149.98396318309784,150.02652710433125,true
500,20.0,149.9410654001805,0.0471309750004707,149.92360443560972,149.9707354106102,false
500,20.0,150.0263324336743,0.04309276410734242,150.01066902822964,150.05376179233699,false
500,20.0,149.992119889576,0.04153936519364265,149.97617240192196,150.0177117671156,true
500,20.0,149.99922308567153,0.041850448878307134,149.98386788176924,150.02571833064755,true
500,20.0,149.9188829628959,0.04270575121839215,149.903906540169,149.9466122913874,false
500,20.0,149.97291288094954,0.04327143540822931,149.9564293987622,149.99970083417043,false
500,20.0,149.96586342815525,0.04434033630980139,149.94910868276494,149.99344901907475,false
500,20.0,149.8678250520328,0.04322854380822605,149.85205555024194,149.89528409405017,false
500,20.0,150.0158119361799,0.04400928449518915,150.00019368572356,150.04420297021875,false
500,20.0,149.92331267471175,0.043148141547874275,149.90758969519283,149.9507378367407,false
500,20.0,150.01670614814972,0.04424296162798669,150.00089235486905,150.04513531649704,false
500,20.0,149.995118063064,0.043370998997545485,149.97913812780166,150.0225091267992,true
500,20.0,150.0135024374378,0.04293678152245661,149.99752666120432,150.04046344272678,true
500,20.0,150.02213674857492,0.043108199736622055,150.0058782413487,150.04898644108533,false
500,20.0,149.82578372464093,0.04516272132201493,149.80960993485277,149.8547726561748,false
500,20.0,149.98572345637282,0.04367924258082212,149.96938467228208,150.0130639148629,true
500,20.0,149.97941824491937,0.044633977261440805,149.96307652593285,150.0077105031943,true
500,20.0,149.97836185796362,0.04499371635171201,149.96081064089807,150.0058043572498,true
500,20.0,150.02605641471806,0.041813951285178064,150.01070862267565,150.05252257396083,false
500,20.0,150.0117429115227,0.041018541565449596,149.9969074389798,150.03792598054525,true
500,20.0,150.02351448879978,0.040521049468623005,150.00915169196253,150.04967274143115,false
500,20.0,150.00434290127833,0.04422422633084011,149.9881248336819,150.03234906001273,true
500,20.0,150.0170061002072,0.04710204550923436,150.0007737548752,150.04787580038445,false
500,20.0,150.0070693587299,0.04516189276856153,149.990439554785,150.03560144755357,true
500,20.0,149.9976963330151,0.042347265198401374,149.98218577803135,150.02453304322975,true
500,20.0,150.0059926923986,0.04428366518141047,149.98918153805903,150.03346520324044,true
500,20.0,149.96009357726822,0.04227542491807412,149.94458745442887,149.98686287934694,false
500,20.0,150.02386235924658,0.04605231664552889,150.0058490127491,150.05190132939464,false
500,20.0,149.9155351432146,0.046501801931242426,149.89820402297767,149.9447058249089,false
500,20.0,149.99165039971183,0.04125757159420118,149.97669482619403,150.01795239778824,true
500,20.0,150.02463991653548,0.043710982482934924,150.00861524387227,150.0523262263552,false
500,20.0,150.02209816717038,0.047825202920478205,150.0051088132305,150.05293401615097,false
500,20.0,150.02477752268663,0.04351408841935722,150.00913326403858,150.05264735245794,false
500,20.0,149.87909595698952,0.04507730041262903,149.8630903222392,149.90816762265183,false
500,20.0,150.00373848605977,0.04464440115887669,149.98742315539937,150.03206755655825,true
500,20.0,150.0178333366254,0.043776778899001556,150.00178819124582,150.04556497014482,false
500,20.0,149.96213243612107,0.046495780061519554,149.94464082853023,149.99113660859175,false
500,20.0,150.01006492716118,0.043921798054583405,149.99267207231318,150.03659387036777,true
500,20.0,150.02462906871568,0.04449578849565228,150.00808847146104,150.0525842599567,false
500,20.0,150.0033969648033,0.04653975137176758,149.98682089275172,150.0333606441235,true
500,20.0,150.0250946895826,0.04792472011973814,150.0074935258788,150.05541824599854,false
500,20.0,149.99566994024497,0.043280501519490144,149.97969464917023,150.02297515068972,true
500,20.0,149.9722775703455,0.04825492115975294,149.9548645656563,150.00311948681605,true
500,20.0,149.98432079294972,0.04296467468549281,149.96922389820756,150.01218857289305,true
500,20.0,150.02315258412614,0.04596246524042158,150.0062566115063,150.05221907674672,false
500,20.0,150.01772530160537,0.04220149281314889,150.00257719146714,150.0447786842803,false
500,20.0,150.0015427669934,0.0457512901566588,149.98550365030036,150.03125494045702,true
500,20.0,149.98974196366072,0.039268695596746284,149.97535991402805,150.0146286096248,true
500,20.0,150.0057907924927,0.04288344375098063,149.9903291684939,150.03321261224488,true
500,20.0,150.02238541872833,0.04288384464322803,150.00552395227913,150.04840779692236,false
500,20.0,150.01521741143887,0.04233235603962271,149.99906718007037,150.04139953611,true
500,20.0,149.9957721855157,0.043689013444492275,149.97899961435277,150.02268862779727,true
500,20.0,150.00442090914999,0.04782135876996563,149.9865982747238,150.03441963349377,true
500,20.0,150.0202579871749,0.04120561400105771,150.00568588714205,150.0468915011431,false
500,20.0,149.9809337363119,0.04534251176525572,149.96475331962748,150.01009583139273,true
500,20.0,149.9607563467776,0.043154516026902456,149.94475315315168,149.98790766917858,false
500,20.0,149.98458831225295,0.04630519460397409,149.96698417999,150.01328937459397,true
500,20.0,150.02527864617673,0.04441457945418392,150.0080902578264,150.0525048372806,false
500,20.0,150.0030197167857,0.044971061378873856,149.98670601539177,150.03167707677065,true
500,20.0,150.02214382815066,0.042598518029365096,150.006541028951,150.04913954698037,false
500,20.0,150.01272831766983,0.04360948417476607,149.9963203885165,150.03992987269126,true
500,20.0,150.0210819861178,0.044218609928265096,150.00502176995647,150.04924037988474,false
500,20.0,150.00636350394967,0.045217688955801805,149.9899662231159,150.03518391207172,true
500,20.0,149.95516871849927,0.046794406766252905,149.93739066479893,149.98418507156518,false
500,20.0,150.02269947162796,0.043089993864725784,150.00726383570782,150.05035382957254,false
500,20.0,150.0030954761068,0.04366234631353905,149.98745238061045,150.031114726924,true
500,20.0,149.8926860499513,0.044316021696289454,149.87625709298794,149.92057311468423,false
500,20.0,150.00185822740883,0.04446533008049869,149.9852536773628,150.0297190074433,true
500,20.0,150.0221824481195,0.044138200377290104,150.00534418544282,150.0494823858201,false
500,20.0,150.01854062407523,0.04424002712957531,150.0027295335747,150.04696956070427,false
500,20.0,149.9136135780256,0.04559938380950257,149.89671542207068,149.9423148058802,false
500,20.0,150.0195073975283,0.04436984138382627,150.00348761110436,150.0478574524882,false
500,20.0,150.00777003066634,0.043455721137490855,149.99165909927802,150.03511482041552,true
500,20.0,150.02237494061518,0.04496228159766247,150.00584099000667,150.05080327160434,false
500,20.0,149.98800269896523,0.04357306849524889,149.97234103938666,150.0159141078819,true
500,20.0,150.0191922388181,0.04385650068982727,150.00332061173344,150.04717711242327,false
500,20.0,150.02059655890284,0.04454276153478531,150.004427088131,150.04896984966578,false
500,20.0,150.00485248694585,0.04473020901738778,149.98783685959629,150.03256706861367,true
500,20.0,150.01720557996924,0.04567032949981353,150.0003326225694,150.04600295206922,false
500,20.0,149.9894397397785,0.0438788045846934,149.9726595415788,150.0165383461635,true
500,20.0,149.9521661305585,0.046315687302922015,149.93502522686202,149.98134091416495,false
500,20.0,149.9920755868938,0.049736498576493204,149.97434080602076,150.02407730459726,true
500,20.0,149.97863130175853,0.042901302962178534,149.96248535658,150.00538665954218,true
500,20.0,150.01888163707486,0.04406092694364361,150.00244831221795,150.0465092391616,false
500,20.0,150.01701713019122,0.04403385044415131,150.0003291798918,150.04436303033594,false
500,20.0,150.01772790571255,0.04323006132895557,150.00199557206727,150.04522563339623,false
500,20.0,149.98271146373855,0.04180075592338994,149.96681542719878,150.00861618312217,true
500,20.0,149.90593893654088,0.046775766416061515,149.88890158141004,149.9356773478261,false
500,20.0,150.02911236549338,0.04683183156319615,150.0116796360939,150.0585114676571,false
500,20.0,149.98890747500792,0.04346919812053329,149.9729987343411,150.01646793246164,true
500,20.0,150.00519042909485,0.04619557665927232,149.98817264091798,150.03436821757725,true
500,20.0,149.96035086633856,0.04553828993866205,149.94388947113328,149.98942776107194,false
500,20.0,149.9814206050079,0.043210211434654866,149.96478695356086,150.00799716499552,true
500,20.0,149.93502479220138,0.04625147573716504,149.91780020159675,149.9640516773339,false
500,20.0,149.99301933421043,0.040725015701355005,149.97845893429604,150.0191839499974,true
500,20.0,150.01509904362405,0.04475638236010582,149.9986712836207,150.0434276659808,true
500,20.0,149.9479812353714,0.047718097783445046,149.93080568360142,149.97852378138487,false
500,20.0,149.852106142872,0.04602824697431629,149.83551579982017,149.8815440467945,false
500,20.0,150.01543855718015,0.04095305813939376,150.00076377403525,150.04171683217464,false
500,20.0,150.00552645795057,0.04230955308636908,149.99012892830723,150.0324384813936,true
500,20.0,149.99466711311456,0.0466043626510384,149.97776562590641,150.02436998855745,true
500,20.0,150.01549206286796,0.04521490204035672,149.99962579078863,150.04484069282898,true
500,20.0,149.9957982413298,0.04834895606862233,149.97812674344698,150.0264756995156,true
500,20.0,149.98872956213717,0.04288186381694459,149.97236097655056,150.0152428403675,true
500,20.0,150.02426214151842,0.042853330218548535,150.00825379512196,150.0511071253405,false
500,20.0,150.0217950097513,0.04298736893997557,150.00513273982335,150.04812010876333,false
500,20.0,149.9503191871109,0.04534414700609091,149.9336422665714,149.9789864135775,false
500,20.0,150.00774137165928,0.041410692983163244,149.99256421379204,150.0339749067752,true
500,20.0,149.9653318918455,0.04378005960867881,149.9496398161459,149.99341987575457,false
500,20.0,150.01976766384465,0.04390687829194917,150.0037304743188,150.04763735261074,false
500,20.0,150.0251214395348,0.046128581283511494,150.00803815606045,150.05416673734396,false
500,20.0,149.93739225706386,0.04468664740983286,149.92140761040238,149.96609425781222,false
500,20.0,149.97665475168338,0.045660413064638306,149.95921547212623,150.00487588519087,true
500,20.0,149.93257342110246,0.04157679510018397,149.91767925175765,149.95925604685783,false
500,20.0,149.9909593848489,0.04399113546284639,149.97501910425726,150.0190102397201,true
500,20.0,149.981595643398,0.04260445374598021,149.96656753375845,150.00917198750443,true
500,20.0,150.0268726590557,0.04418961033300661,150.01024531550533,150.05443492583834,false
500,20.0,150.00798270439182,0.04459556047598312,149.99120590990478,150.03580147038076,true
500,20.0,150.0051292535022,0.04659740131126,149.9882475370031,150.03484493831436,true
500,20.0,149.99836341135773,0.04426467949434709,149.9815357427949,150.02580042228925,true
500,20.0,149.9805788059034,0.04708535242434664,149.9638218567688,150.01090720919314,true
500,20.0,150.02082203396415,0.04621485447506757,150.003563263126,150.04977811760108,false
500,20.0,149.94544173493637,0.04247482331118135,149.92930836383246,149.97178318714364,false
500,20.0,149.95234417643042,0.043593419426912305,149.9363097614375,149.97990318086443,false
500,20.0,150.0244209723922,0.043641312906942176,150.00912860922605,150.052769922133,false
500,20.0,150.0282910155991,0.04678274915414704,150.0109922604646,150.05777500961875,false
500,20.0,150.02066235401804,0.04382316989079982,150.0048135873027,150.0486367571935,false
500,20.0,149.9949445756136,0.04518172012114974,149.97747854659696,150.0226602667181,true
500,20.0,149.97086790962516,0.04466531490822945,149.95473704252868,149.9994023574369,false
500,20.0,150.02169146334813,0.04647870387194075,150.00586501964884,150.05234372352078,false
500,20.0,150.00732637097065,0.04441272944771413,149.99131415202757,150.03572688147528,true
500,20.0,150.02272424099797,0.04161335762876206,150.00684206834214,150.0484554259709,false
500,20.0,150.01016833952917,0.04455458622439323,149.99286684958878,150.03742143581317,true
500,20.0,149.93966447392256,0.04384014774905154,149.92385127694791,149.96769142469697,false
500,20.0,150.0226613194821,0.04193444887474129,150.00704487353912,150.04897932241386,false
500,20.0,150.02270368825617,0.044944007022508004,150.00592605312045,150.05087006014296,false
500,20.0,149.97954312647897,0.04304228848980074,149.9639792338527,150.0070215223425,true
500,20.0,149.9787354992049,0.043268787005871445,149.9616734499222,150.00494223692806,true
500,20.0,149.99463978191721,0.04298523421579148,149.9792604058753,150.02224564009109,true
500,20.0,150.00619714489898,0.0439261360749299,149.99037583136186,150.0343019674368,true
500,20.0,150.01771026920702,0.04668858318834168,149.99977395119853,150.04646253438688,true
500,20.0,150.01586293210835,0.043141321149448686,150.00005492868522,150.04319624983466,false
500,20.0,150.01635041072262,0.04327672563391616,150.00117845599254,150.04445518162646,false
500,20.0,150.02188244034062,0.0444751969919821,150.00533454374852,150.0498097407405,false
500,20.0,149.95227708483702,0.041831586391339215,149.93685459011604,149.97868617650738,false
500,20.0,150.00467780384025,0.04171963970463821,149.9893241876288,150.03104382733343,true
500,20.0,149.9392418801872,0.04476774046648302,149.92291699415765,149.96768473462413,false
500,20.0,150.01740116514395,0.042743432162666295,150.00192194313365,150.04466537529632,false
500,20.0,149.9843869807076,0.04416285734396297,149.96864754068736,150.01281039803132,true
500,20.0,150.01579098586046,0.04235571054312004,150.0001731205321,150.04252883107523,false
500,20.0,150.01980398342863,0.04269154440461875,150.0038707805914,150.04656232499602,false
500,20.0,149.95969193143094,0.04250632903486462,149.94342698760474,149.9859333166396,false
500,20.0,149.99648796829234,0.04434666906851703,149.98119692643226,150.02554359550078,true
500,20.0,150.01734301149418,0.04165754304747793,150.00173663163022,150.0433941746777,false
500,20.0,149.95619686636093,0.04503255658255512,149.93980555226415,149.9848381088467,false
500,20.0,149.99837661118582,0.04193106775281308,149.9825449428412,150.02447601059401,true
500,20.0,150.02133475392392,0.04311335018380191,150.0050399027005,150.0481532528843,false
500,20.0,149.9594085531799,0.046756757200569155,149.94287021321463,149.9896269704152,false
500,20.0,150.00321281646495,0.0389811954376853,149.988271154389,150.02725234982668,true
500,20.0,150.00576177940306,0.04008137330353634,149.99127006287628,150.03135143617982,true
500,20.0,150.02711481931988,0.0472769653380567,150.0105113107479,150.05778827608594,false
500,20.0,150.0044282151731,0.041706817648645256,149.98902756591556,150.0307343835642,true
500,20.0,149.91420464160478,0.04263492773802113,149.89819587313448,149.9408308008725,false
500,20.0,149.90489181088995,0.045414848179348155,149.88869300379926,149.9341078519786,false
500,20.0,149.86898928727146,0.04551209050976013,149.85222092313558,149.89773301364534,false
500,20.0,149.99216343168393,0.04377964524999811,149.97619732427108,150.01997696952108,true
500,20.0,149.85442848052043,0.04302859135148651,149.8382325206734,149.88126111202487,false
500,20.0,150.00258760931956,0.04408063677379914,149.9865914787676,150.0306721155414,true
500,20.0,150.02489870763833,0.04540375277403541,150.0083563789039,150.05376013167793,false
500,20.0,149.81569606047276,0.04259358600123164,149.79911826596538,149.8417118519666,false
500,20.0,149.99254936345812,0.04333502319894933,149.97696939535368,150.02030441855263,true
500,20.0,149.9948979725844,0.04422118497939209,149.97832996671912,150.0225511516985,true
500,20.0,150.02397439504222,0.04634022569842955,150.0067149169119,150.05305514261033,false
500,20.0,149.8614261341337,0.044618274470792585,149.8462224609229,149.89084073539368,false
500,20.0,149.96090306681222,0.045888401292103254,149.94437430932572,149.99026271061783,false
500,20.0,150.00355583160757,0.043445369473460005,149.98784881352208,150.03129418299554,true
500,20.0,150.01385895245255,0.04286851795438906,149.99801183362197,150.04088035157636,true
500,20.0,149.80961300610005,0.04751648878900028,149.79233799684235,149.83985448563135,false
500,20.0,149.95753746193398,0.03998120456847687,149.94242608639397,149.98240729096244,false
500,20.0,150.00387093214925,0.04679643004681111,149.98692340912484,150.03371983917165,true
500,20.0,149.97475188121604,0.04589021501587354,149.957901358011,150.00379157302686,true
500,20.0,150.01223432776345,0.044528440080341625,149.9961064593989,150.04063489947924,true
500,20.0,149.99340719419018,0.04193928896987131,149.97752844817455,150.01946773714442,true
500,20.0,150.0200410077885,0.04368884074210655,150.00399037989934,150.04767922064144,false
500,20.0,150.01641294762885,0.04423776376654587,149.9997460912232,150.04398385498973,true
500,20.0,149.98103288289266,0.04426314896281269,149.96467865908414,150.00894180804696,true
500,20.0,150.01479912697633,0.04282384752892199,149.99872062824036,150.04154447576929,true
500,20.0,149.97548239314756,0.04583578886612827,149.95838388294297,150.0042196718091,true
500,20.0,149.9417935081921,0.04372766032710729,149.9252750155002,149.9690026758273,false
500,20.0,150.0047969858254,0.04331893583042756,149.98880406976224,150.03212300559267,true
500,20.0,150.01394745158223,0.0459029524474488,149.9971828311053,150.04308578355275,true
500,20.0,149.9867482562142,0.043586169347378245,149.97025392838873,150.0138400977361,true
500,20.0,149.9930594118287,0.042532606305769605,149.97722348186343,150.0197560881692,true
500,20.0,150.02631674890924,0.041841716221171055,150.01102394001958,150.05286565624075,false
500,20.0,150.02062057594475,0.04483188077466593,150.00379495698053,150.0486268377552,false
500,20.0,150.0153379725113,0.04214001388641009,149.99968413764452,150.04182415153093,true
500,20.0,150.02149365572285,0.04416911010247304,150.00528479306683,150.0494539031693,false
500,20.0,149.9841289342008,0.045308192037481376,149.9679838324595,150.013292024497,true
500,20.0,150.0133487168456,0.04394889810703262,149.99699915503746,150.0409480531445,true
500,20.0,150.01107297836074,0.04154189119074658,149.99513373654287,150.03667562773362,true
500,20.0,150.0052577558473,0.04508890997203707,149.9889422640981,150.03403117407015,true
500,20.0,150.00384136926016,0.04573536456140914,149.98726817068678,150.03300353524818,true
500,20.0,149.99864154609992,0.04932283653172931,149.980862013333,150.03018484986472,true
500,20.0,150.01289635389273,0.045081174452121786,149.99684182931716,150.04192300376928,true
500,20.0,150.02706817497807,0.046116315471380176,150.0105417922392,150.05665810771058,false
500,20.0,149.94703797609276,0.04598728335597002,149.92957795276314,149.9755652361191,false
500,20.0,150.0177068215317,0.040947077193237646,150.00247500697344,150.04342208416668,false
500,20.0,149.99890651481238,0.043355417615543956,149.98266378094024,150.0260191985558,true
500,20.0,149.9927567395731,0.043534817721763375,149.97686132419582,150.0203961419176,true
500,20.0,150.01722660138378,0.04339510883229991,150.0009716781519,150.0443667869842,false
500,20.0,149.97974242844236,0.04212350754289673,149.96400019020993,150.00612369775283,true
500,20.0,150.02303797022685,0.041884548597579396,150.00807262896072,150.0499571775583,false
500,20.0,150.00270669389414,0.04158171107729913,149.98705812529826,150.02863983637556,true
500,20.0,149.99904098599444,0.04191281349392284,149.98312522049815,150.02503803399208,true
500,20.0,149.98777761302588,0.042850261093065,149.97205004766363,150.0149003087567,true
500,20.0,150.02285549957617,0.043387025789769496,150.00744161411762,150.0508286399074,false
500,20.0,149.93369833732805,0.044087746030101016,149.91748151770386,149.96156926373396,false
500,20.0,149.99769067879544,0.0436768376438863,149.98151335691037,150.02519019455426,true
500,20.0,150.0204997076734,0.04410009767337897,150.004089194323,150.04818929199638,false
500,20.0,149.9698690080564,0.04490879680091098,149.95352265222982,149.99843144903073,false
500,20.0,150.02402351398672,0.04557257485501509,150.0080424914547,150.0536150663097,false
500,20.0,149.94024432083722,0.043039212516902126,149.92424643044788,149.96728564296478,false
500,20.0,150.0202064726908,0.04262947967211517,150.00395706205367,150.0465865417258,false
500,20.0,149.9838408743465,0.042345004663104646,149.96831402702603,150.01065903168913,true
500,20.0,150.01452611283534,0.0462519523153162,149.9969163175809,150.04316826989623,true
500,20.0,149.90153168235742,0.04322167682619238,149.88560572763453,149.92882740446072,false
500,20.0,149.99192160880972,0.043858217485421847,149.97685385991505,150.02071207740047,true
500,20.0,149.99688584775248,0.04451281901899051,149.98035017515298,150.02486299417197,true
500,20.0,150.0150083553755,0.044469589687992084,149.9985859731728,150.0430555628608,true
500,20.0,149.9905739803286,0.04502554608464493,149.97382907711594,150.01885462320058,true
500,20.0,149.97617636251528,0.044646915386550745,149.95964463340678,150.00429154879333,true
500,20.0,150.0125018723173,0.045062620669710896,149.99622765352188,150.0412902741916,true
500,20.0,149.98998958334965,0.044247435286536074,149.97379759226473,150.01804502755127,true
500,20.0,150.02713827258643,0.0467847925592082,150.00970741892502,150.05649221148423,false
500,20.0,149.99083794546206,0.0430831654786914,149.97407023074587,150.01715339622456,true
500,20.0,150.02753680835946,0.045035685109837686,150.01054582780463,150.05558151291447,false
500,20.0,150.0249304003491,0.042100841643957665,150.00872717130667,150.05082801295063,false
500,20.0,150.0123086179762,0.042834062395058936,149.99630848200584,150.0391425444009,true
500,20.0,150.01213632876755,0.04276865408510844,149.99609043904314,150.03885909312825,true
500,20.0,150.02304501361684,0.04472582297037775,150.00678328643122,150.0515091094016,false
500,20.0,150.01675359981414,0.04232668340270607,150.00124550721927,150.04357219062197,false
500,20.0,150.0145210774428,0.04350451656557652,149.9989598865158,150.04246440308137,true
500,20.0,150.00800906358052,0.042789254466811144,149.99205051322852,150.03483976769533,true
500,20.0,149.96130198337667,0.042738082799445465,149.94510999192104,149.9878480747205,false
500,20.0,149.98439919479313,0.04469244950234952,149.96812234590965,150.012814795412,true
500,20.0,150.0258849223641,0.04474429897805976,150.00971411214198,150.05445841112004,false
500,20.0,150.00448976901788,0.043557846207590956,149.98856940731997,150.03212725352756,true
500,20.0,150.0202127793641,0.04282823740683739,150.00471592263662,150.04754416004346,false
500,20.0,150.010175657839,0.043169016141689553,149.9941098580866,150.0372788742283,true
500,20.0,150.01123303830764,0.04270840485261829,149.99529191224275,150.03800031709537,true
500,20.0,150.02541228321644,0.04374910683844746,150.00944919615995,150.0531983029984,false
500,20.0,149.97362244366894,0.04215574581988335,149.95755708432546,149.99971283014534,false
500,20.0,150.0160714671665,0.042049985336547024,150.00020427172532,150.04225425706187,false
500,20.0,150.00386606840817,0.04469051742799479,149.98654388172122,150.0312343991492,true
500,20.0,150.02437268867106,0.04375962021771329,150.00784582463774,150.05160544485545,false
500,20.0,149.98022796553226,0.0450221792459331,149.96418373053,150.00920590977594,true
500,20.0,149.91986177885002,0.04382800119122976,149.90373349013515,149.94756149132638,false
500,20.0,150.02320995330356,0.043525408529234255,150.00758383672758,150.0511092452568,false
500,20.0,150.02519560545255,0.044547722768186304,150.00865116535996,150.05319888812815,false
500,20.0,149.98871867382857,0.0449712763525838,149.97221681107877,150.01718808743135,true
500,20.0,150.02194406993473,0.04243474169382466,150.00615143391812,150.04858617561194,false
500,20.0,149.93430810429845,0.04443007309816949,149.91787125581826,149.96230132891642,false
500,20.0,149.98867168068722,0.04431563283745277,149.9721398709732,150.01645550381065,true
500,20.0,149.86056522190273,0.042858223087563374,149.8453778448653,149.88823606795287,false
500,20.0,149.96772737528585,0.042845660441088285,149.95143553123924,149.99428119168033,false
500,20.0,149.99578482352285,0.040449254191372574,149.98097304866158,150.02142230285295,true
500,20.0,150.02324575405748,0.04506615057860586,150.00607135099685,150.05113750157545,false
500,20.0,150.0230331542834,0.04492183154803797,150.00678615167612,150.05170798322416,false
500,20.0,150.0153233924244,0.04312188465360123,149.99943237248107,150.04255425713467,true
500,20.0,150.0054724194015,0.045661449969230716,149.98765176902197,150.0333132189912,true
500,20.0,150.01189665294328,0.04330588162360982,149.9957455366586,150.0390514182822,true
500,20.0,150.00573232744748,0.04341512969932637,149.98962971018543,150.03304483988475,true
500,20.0,149.9781903253069,0.04444398004420691,149.96246067227526,150.00690465231946,true
500,20.0,150.0127833402305,0.04423752949350046,149.99650337182487,150.04074090131837,true
500,20.0,149.96181690420664,0.04337268571805453,149.94520151791838,149.98857420363643,false
500,20.0,150.0230502826601,0.041472827443641336,150.0070771795384,150.04855000698205,false
500,20.0,149.9818810353142,0.04422358464759668,149.96567063158446,150.00989421623206,true
500,20.0,150.00181357184442,0.04065398965724398,149.98713222185586,150.0277862115131,true
500,20.0,149.97883476654164,0.040921486054855905,149.96355583356524,150.0044773196201,true
500,20.0,150.02813679644063,0.04720328903320592,150.01128908553082,150.05849237456403,false
500,20.0,150.02541026040973,0.0442054443468578,150.00936673782712,150.05357218217398,false
500,20.0,150.0219850226449,0.04187525242539891,150.00679382209515,150.04866907452055,false
500,20.0,150.02501416556234,0.04176872411542831,150.00971294186908,150.0514816659845,false
500,20.0,150.02504134108239,0.044999548609638396,150.00853755423114,150.05353710284078,false
500,20.0,150.02208457101156,0.04497600132913249,150.00556378117147,150.0505397825006,false
500,20.0,150.0249819695718,0.04197577052224233,150.00939390085483,150.05136967137707,false
500,20.0,150.0222316772554,0.045573355305748464,150.00415750588513,150.04973086119088,false
500,20.0,149.88306830992235,0.042211789610405503,149.86704405894457,149.90925584855498,false
500,20.0,149.99052832321104,0.04665663000193376,149.97291987486236,150.0195765048643,true
500,20.0,149.98577804636727,0.045504924281686954,149.96828714694382,150.0137920712255,true
500,20.0,149.97951366864277,0.04448123613784105,149.96306312738875,150.0075443635266,true
500,20.0,149.99953865557518,0.043665787656777866,149.98312194290287,150.02678773055965,true
500,20.0,149.98502335334945,0.039427682942260844,149.97009416667234,150.0095218496146,true
500,20.0,150.02392688657864,0.03890786201179708,150.00992680378965,150.04883466580145,false
500,20.0,149.99767926613902,0.04252329891090767,149.98201802568548,150.02454132459638,true
500,20.0,150.01159660222362,0.04364700519749931,149.9952028086426,150.0388498138401,true
500,20.0,149.9382791916035,0.04432338147259429,149.9212536060019,149.9655769874745,false
500,20.0,150.02097126481203,0.04312119183333607,150.00445277078222,150.04757396261556,false
500,20.0,149.9509947137961,0.04215402451580985,149.93506453078447,149.97721855530028,false
500,20.0,150.02443031955494,0.044037031841980934,150.0089718165115,150.05300884835347,false
500,20.0,150.0240673416978,0.043264438911478464,150.00763230474763,150.0508967436591,false
500,20.0,149.98205490711555,0.04650225848646983,149.96460880769644,150.0111110661829,true
500,20.0,150.0067037506292,0.04337085104512539,149.99001223047574,150.03338308152087,true
500,20.0,150.01797097507642,0.04304336677250831,150.0024934731502,150.0455368399227,false
500,20.0,150.01932380291095,0.044870388116549975,150.002361350691,150.04723173880754,false
500,20.0,150.0005491724208,0.04507522151814669,149.98401150430192,150.02908672582006,true
500,20.0,149.9701290625605,0.04214081896782318,149.95442522917847,149.9965660481463,false
500,20.0,150.01308458596344,0.04124564272760267,149.99758061230474,150.03882625503235,true
500,20.0,149.99334970622874,0.04133237997149308,149.97813107513784,150.01946345510933,true
500,20.0,150.0235339555174,0.04392520919014942,150.00741719735828,150.05134240654843,false
500,20.0,150.01149294946993,0.044668347947919074,149.99496569724394,150.03963404519186,true
500,20.0,149.92436319752895,0.04383171039560807,149.90756248600306,149.95139419639867,false
500,20.0,149.9496352631877,0.04433517006853549,149.9332742164263,149.97760938649483,false
500,20.0,149.96001268017616,0.045557343183702415,149.94336965954395,149.98892700272765,false
500,20.0,149.95411128453762,0.0472844449756451,149.93658939080572,149.98387383578137,false
500,20.0,149.9956013907236,0.04500534739355544,149.97809819399492,150.02310354138848,true
500,20.0,149.99535123930718,0.04644824907683187,149.97857643079715,150.02502467987398,true
500,20.0,150.01920317479733,0.04128071563579283,150.00381790921782,150.0450986248536,false
500,20.0,149.97901215852903,0.04563595237871709,149.96138985139922,150.00702580377794,true
500,20.0,149.99190601644997,0.0444640743606044,149.97604572008308,150.02050979444368,true
500,20.0,150.00754156139993,0.04628811466918137,149.98982058099824,150.03610869566742,true
500,20.0,149.99135763869185,0.04566720787943268,149.97551377463108,150.02118098251051,true
500,20.0,149.9393531948126,0.043568477099739766,149.92369830213988,149.96726677923962,false
500,20.0,149.9974565481656,0.040812281235787395,149.9817033599988,150.02251564123458,true
500,20.0,150.0204926673594,0.04564750705026199,150.00428528969792,150.04993279674818,false
500,20.0,149.99289331075772,0.04139543885193575,149.978013263154,150.01940870200593,true
500,20.0,149.99609540609254,0.04289586277610624,149.97992751803775,150.02282338081386,true
500,20.0,150.0171325584921,0.045056604093360875,150.0000920164575,150.04514862055086,false
500,20.0,149.92990912255507,0.0410629316400275,149.9144701484983,149.95553308013834,false
500,20.0,149.81555787231906,0.04358433846641674,149.80013764698657,149.843721985453,false
500,20.0,150.01271197609515,0.04261463176223401,149.99718902894676,150.039803660709,true
500,20.0,150.02566648877905,0.043126862238040076,150.00989637986092,150.05302324209896,false
500,20.0,150.00923470404015,0.04517041523496346,149.99259216504083,150.0377625802758,true
500,20.0,150.01157771384447,0.043199307656209385,149.99618851464422,150.03938782230043,true
500,20.0,149.99671069245605,0.04203700003853328,149.9814825320672,150.02351953210572,true
500,20.0,150.012094945127,0.042016777414659146,149.99610061434169,150.03811739175634,true
500,20.0,149.97779725585872,0.04692156944332737,149.95994913889473,150.00687070833806,true
500,20.0,150.00833911626373,0.04371040495448142,149.99236309326662,150.0360734982211,true
500,20.0,149.99296329871683,0.04245058016201142,149.97705022651812,150.01950080668013,true
500,20.0,150.02209654405965,0.0446233143385939,150.00623369736206,150.05085701170066,false
500,20.0,149.90213441350747,0.04441852829035042,149.88581242896404,149.9302309572544,false
500,20.0,150.0212433582525,0.04672867902857547,150.00416035838307,150.05088903741165,false
500,20.0,150.01120840220813,0.044712870355965606,149.9955848176966,150.04029768805256,true
500,20.0,149.98017798415984,0.04458956583806639,149.9640790507936,150.00866861663167,true
500,20.0,150.0159781361212,0.04283390025440781,150.0003336435123,150.0431675437667,false
500,20.0,149.99240301935578,0.04397445430774383,149.97528583385434,150.0192602881621,true
500,20.0,150.00782843147616,0.0408617058218681,149.99241643761587,150.03327814343774,true
500,20.0,150.01064612801366,0.04168251928095401,149.9951144785666,150.03679699784755,true
500,20.0,150.02575307810775,0.04666586131784811,150.00854665721266,150.0552125185305,false
500,20.0,149.89825355224127,0.04416077285088704,149.8818239839033,149.9259847567542,false
500,20.0,150.01812246369556,0.042334494806056,150.003158189621,150.04549268442705,false
500,20.0,150.00016302502559,0.0437830539770232,149.9834896825586,150.02727273653562,true
500,20.0,150.02690697767804,0.04307945165837168,150.01101678888335,150.05409624054172,false
500,20.0,150.0041572916325,0.04470828085135281,149.9866823330876,150.03139061393895,true
500,20.0,149.72305360316184,0.0451202858393458,149.7064605601056,149.75158084594494,false
500,20.0,150.01881137478767,0.045038048786977924,150.00191555966424,150.04695360845122,false
500,20.0,149.98343335094592,0.043944317007742484,149.96776227616266,150.0117065931704,true
500,20.0,149.94536925169774,0.04257294589604044,149.92954629634272,149.97211924223876,false
500,20.0,149.9940641257636,0.044437319368398676,149.9776535422438,150.02209086161218,true
500,20.0,150.02554536370945,0.0446008396538673,150.0089530611948,150.05355390084867,false
500,20.0,149.98887667235226,0.042785716274693186,149.97246636380393,150.01525208007862,true
500,20.0,149.9587730140252,0.04257568501009246,149.9430024500573,149.98557813506739,false
500,20.0,149.9629592147557,0.044454212128101744,149.9461934291913,149.9906476413194,false
500,20.0,149.96478992521912,0.04281541124441901,149.948489320595,149.99130473183942,false
500,20.0,149.99438726838417,0.0452449750809194,149.9775408058988,150.02278578097972,true
500,20.0,150.00426192196446,0.043370784459852985,149.98822272745656,150.0315935119164,true
500,20.0,150.00043311747675,0.04279740162070311,149.98511685379538,150.02791425541608,true
500,20.0,150.0069849748063,0.04472058244317623,149.9892587036874,150.03397928613057,true
500,20.0,150.01502202700098,0.04469869986684216,149.99900972134247,150.04370842120932,true
500,20.0,149.99147706382882,0.04465555869950322,149.9755112289047,150.0201667876042,true
500,20.0,150.0028079699202,0.043478799176170924,149.9862226175577,150.02970141673387,true
500,20.0,149.98065338912443,0.044394002840959956,149.9643527675415,150.00874677038246,true
500,20.0,150.02487626630736,0.044967763564329744,150.00848917044408,150.0534569340084,false
500,20.0,150.0126253238001,0.045305601389998174,149.99631902206676,150.04162462345676,true
500,20.0,149.98598842870297,0.0492221755179969,149.9676287458918,150.0168509214098,true
500,20.0,149.94714423483447,0.04391779775892246,149.93083860417556,149.97475640193448,false
500,20.0,150.00198983610056,0.04602160253395482,149.98576783962162,150.03178944215557,true
500,20.0,150.02542629947732,0.04274487506154401,150.00999998768634,150.0527448627479,false
500,20.0,150.00991609609764,0.04212986674031072,149.9945936169869,150.0367234837272,true
500,20.0,149.96297465831174,0.04378237644988303,149.9464631604319,149.9902455368818,false
500,20.0,149.9981370619032,0.04905197632885461,149.98086751511005,150.0299194914389,true
500,20.0,150.01718384774927,0.04061634225431021,150.00223492362184,150.04285126587615,false
500,20.0,149.91728800514798,0.04094016764801722,149.90235389671793,149.94329406436594,false
500,20.0,149.95079660181682,0.04479632600197192,149.93448322659688,149.97927955259885,false
500,20.0,149.92704385765313,0.04481321388215065,149.91087655213306,149.9556897660152,false
500,20.0,149.90087094674533,0.041914884039556455,149.8854963826139,149.92741126665345,false
500,20.0,149.92315848803696,0.04519037899331124,149.90647815082616,149.95166852981947,false
500,20.0,150.00827666420003,0.04471232155680127,149.9920604892664,150.0367728108232,true
500,20.0,150.02229789761822,0.043810382250399016,150.00541692884406,150.04922731109446,false
500,20.0,149.99290169034614,0.04263268690147015,149.97668566701407,150.01931835391554,true
500,20.0,150.02458075964995,0.0454641487629317,150.00870319579087,150.0541673445538,false
500,20.0,150.00752704261413,0.04395631970109548,149.9916987237439,150.035655043445,true
500,20.0,150.02363227623556,0.04202265472864042,150.00898092022388,150.05100357495252,false
500,20.0,150.0255320785913,0.04307431245155158,150.0094920424186,150.05256635487015,false
500,20.0,149.9999434697234,0.045447844574624696,149.9827097555026,150.02815760007724,true
500,20.0,149.95757788560385,0.0436934453926483,149.94128994669083,149.98498339208348,false
500,20.0,150.017981273118,0.04380274603775547,150.0027000936762,150.04650283971395,false
500,20.0,150.01371464086003,0.04427139727300755,149.9973223491025,150.0415937463755,true
500,20.0,150.02027512372518,0.04823558046609833,150.0020492506735,150.0502848311396,false
500,20.0,150.00943734370907,0.04601976559558807,149.99284450777844,150.03886427337403,true
500,20.0,149.99080497121793,0.043602096267022716,149.97394143692992,150.01754353319694,true
500,20.0,150.02160240439585,0.04506752291626981,150.00476523800455,150.04983276092082,false
500,20.0,150.0138586166189,0.045317413975425325,149.99742727090697,150.0427446848824,true
500,20.0,150.01917640878767,0.047156677090669064,150.00228926694632,150.049445944037,false
500,20.0,149.98414079819992,0.04392984993674531,149.96795787365366,150.0118877235904,true
500,20.0,149.94988988818068,0.04393426175650461,149.93362501501804,149.97755927677454,false
500,20.0,149.9738774578515,0.04149582571270116,149.95790003705866,149.99939586277137,false
500,20.0,150.01669544502255,0.0443943945565195,150.00096822808914,150.04536262264565,false
500,20.0,150.01921964969245,0.04437314332238884,150.00289782993923,150.04727097326162,false
500,20.0,150.00897493408965,0.04415089826099461,149.99268453185925,150.03683543012025,true
500,20.0,149.96886995073956,0.04343146705048184,149.95369609766087,149.99712756471135,false
500,20.0,149.97506524832602,0.0440415153550191,149.95815572405047,150.0021972394055,true
500,20.0,149.97248558224535,0.0447748867323412,149.95632057301086,150.0010954597432,true
500,20.0,149.95770888537297,0.046776966521093755,149.94082041342728,149.98759737994837,false
500,20.0,149.97979366143983,0.04046355094106957,149.96446296267,150.00492651361108,true
500,20.0,149.92762213127187,0.04316750647763001,149.91141782857483,149.95458533505246,false
500,20.0,149.9862134596114,0.04505356825185913,149.96941848828956,150.01447205654142,true
500,20.0,149.9807839222793,0.043444132506635924,149.96469493268648,150.00813906519312,true
500,20.0,149.94523526843486,0.042827522917775696,149.92989285033946,149.97272037325723,false
500,20.0,149.9788772451194,0.0431162340848914,149.96282770453743,150.00594393862232,true
500,20.0,150.024727448025,0.04384786616049041,150.00846497124036,150.05231283740085,false
500,20.0,150.01609183179045,0.04388089234558379,149.99967519108787,150.04355608343346,true
500,20.0,149.92472904696822,0.04300903533490441,149.90850535743712,149.95151439277203,false
500,20.0,150.01952498688433,0.04183682250067022,150.00343016016825,150.04526698266892,false
500,20.0,149.9923280097183,0.04417227433444282,149.97557581963906,150.0197480939735,true
500,20.0,149.93289859196653,0.04341036518255237,149.91609717571768,149.95950754090023,false
500,20.0,150.0069756049295,0.043036925007328364,149.99136335774259,150.0344002827499,true
500,20.0,150.0092750993673,0.04351679181334589,149.9936550663781,150.03717185819144,true
500,20.0,150.02818577669996,0.04356387970116771,150.01209113924554,150.0556550189467,false
500,20.0,150.01365839562845,0.04401459661377771,149.99723461324206,150.04124920985583,true
500,20.0,149.9179937018998,0.04358909017167889,149.90214339260478,149.94573248277646,false
500,20.0,150.0126966259469,0.041454069016936046,149.99777086575162,150.03922493476855,true
500,20.0,150.00891752528463,0.04531647830035013,149.9926626441383,150.03797912243866,true
500,20.0,150.00065037432444,0.04217982792243902,149.984636170535,150.02681599845744,true
500,20.0,150.0141159253287,0.040740664543506,149.9985315989489,150.0392722634924,true
500,20.0,149.8957941586241,0.04376941324247241,149.87939059158884,149.92316000483132,false
500,20.0,149.97285406758712,0.042311573260320756,149.95735085022687,149.9996624234872,false
500,20.0,149.95083617472227,0.04225516447641553,149.93520593899987,149.9774611034763,false
500,20.0,150.0078560600848,0.04325965610129856,149.99267487367732,150.03593452977861,true
500,20.0,150.01865056733965,0.04845777421121511,150.00160096597966,150.05005874019088,false
500,20.0,149.93552781389008,0.04337446006709911,149.91885041038105,149.96222487044815,false
500,20.0,150.02458360810476,0.04544440343212841,150.00741634587368,150.0528607493058,false
500,20.0,150.0118875912932,0.04235325559653802,149.9962810976274,150.03863435322393,true
500,20.0,150.01731229767583,0.04254916369120565,150.00189832451093,150.04444748820214,false
500,20.0,150.01104892103274,0.04409220814636683,149.9959157954993,150.04000800364565,true
500,20.0,150.0089223927488,0.04517008768482356,149.99265634468924,150.03782643237406,true
500,20.0,150.0053356099087,0.04417507082780503,149.98917440116304,150.03334947199085,true
500,20.0,149.8772519917811,0.04416214754780867,149.8609660947696,149.9051282423174,false
500,20.0,150.00011674600194,0.04616062680625532,149.98285516365596,150.0290157904622,true
500,20.0,150.02627083983637,0.043393999095769686,150.00914946780773,150.0525434669035,false
500,20.0,150.01871033854604,0.04518457088553873,150.00183151445444,150.04701608533998,false
500,20.0,149.98829168933432,0.044448787792845224,149.97136365465013,150.01581244244298,true
500,20.0,149.9944671825874,0.044904085789312376,149.97784304857723,150.02274713436654,true
500,20.0,149.9225403525861,0.03915779659723739,149.90792401972294,149.94708181632018,false
500,20.0,150.02620539158335,0.041966958859944725,150.01065458104196,150.0526215399019,false
500,20.0,150.01058425489035,0.04265287522528638,149.99581911430758,150.03847198953287,true
500,20.0,150.02439205669592,0.04558861949644211,150.00794217811077,150.0535307976072,false
500,20.0,150.0103164761412,0.04393513166215257,149.99345570093925,150.0373908326014,true
500,20.0,149.9627752787191,0.04400719619843585,149.9474874921351,149.99149468833355,false
500,20.0,150.02230978821518,0.043070792126286506,150.00679658051098,150.04986737263727,false
500,20.0,150.0105978613503,0.044656381764980324,149.99335429313317,150.03801067489815,true
500,20.0,149.9972247839431,0.04404436371873999,149.98110562874476,150.0251499924635,true
500,20.0,150.01505826602605,0.04455600685304262,149.9992549426767,150.04381094952976,true
500,20.0,149.97784907934175,0.042568655741376915,149.96181261701543,150.0043812727568,true
500,20.0,149.96826368037568,0.046053760358290674,149.95068175897106,149.99673551932935,false
500,20.0,150.02385467847327,0.04362120553889781,150.0076802210134,150.0513014265523,false
500,20.0,149.95544002778723,0.045495896973932304,149.93846660637578,149.98396250334972,false
500,20.0,150.02660823272404,0.04232373530967948,150.0109285564136,150.05325229172328,false
500,20.0,150.00899867096498,0.04264908038771864,149.99304472829738,150.0356938086851,true
500,20.0,149.88751098072095,0.04268974258471303,149.87187420523082,149.91456394781554,false
500,20.0,149.9897208213331,0.04650068767898574,149.97249190830462,150.0189925959836,true
500,20.0,149.98318750901984,0.04447655949357454,149.9671561239385,150.01163268343208,true
500,20.0,149.99638949685317,0.04402606743593651,149.9803093273099,150.02433539474583,true
500,20.0,149.94483096071653,0.04180653132041812,149.92927226216202,149.97107879348243,false
500,20.0,150.02016154405538,0.04129443476054462,150.00526557160816,150.0465600063687,false
500,20.0,149.9873620436635,0.04519271924831969,149.97101165828144,150.01620437752976,true
500,20.0,150.01187670235961,0.04557300260671582,149.99527514820085,150.04084815080756,true
500,20.0,150.00459448437147,0.04316340487582693,149.98811443828487,150.0312778431607,true
500,20.0,150.02710519530206,0.045393428921727264,150.0091289333644,150.05452236228612,false
500,20.0,150.01529514284005,0.04429681846301037,149.99902612630575,150.04332294476876,true
500,20.0,149.9769172724449,0.04383197829943697,149.96040864691471,150.00424062521415,true
500,20.0,149.95949438204968,0.046279121917706334,149.94282268485745,149.98910180677515,false
500,20.0,149.97550290763172,0.04205830712967895,149.96001869585834,150.00207700298802,true
500,20.0,150.01253594595104,0.04341995947737587,149.99637081517122,150.0397907746486,true
500,20.0,150.01146076596805,0.04320986264968951,149.99584314356028,150.03905300620997,true
500,20.0,149.9879754796988,0.04021869313004345,149.97316234891545,150.0133810420455,true
500,20.0,150.0153465050258,0.04679445179544928,149.9977447156598,150.04453916745524,true
500,20.0,149.9414645109675,0.04421473664743303,149.92524293502063,149.96945767166807,false
500,20.0,149.99679809199168,0.04408783921240911,149.9792934962879,150.02338133550032,true
500,20.0,149.9710802466348,0.041595704137705525,149.95575213608916,149.99734784022687,false
500,20.0,150.00913600714816,0.04439732993631651,149.9927786857678,150.03717601570412,true
500,20.0,149.8923687788036,0.04315375092426166,149.87626505745544,149.9194188083797,false
500,20.0,150.00639261921316,0.044089682058569224,149.99042146669262,150.0345111487512,true
500,20.0,149.98006698018014,0.04354528985425077,149.96429888736577,150.00784417722002,true
500,20.0,150.01088566822278,0.041297931054742776,149.9959207894762,150.03721872053094,true
500,20.0,150.00990407145397,0.045429820432332235,149.9941242863366,150.03955410676895,true
500,20.0,150.0033243458758,0.043018817506492724,149.98671688044323,150.02973569794972,true
500,20.0,150.01001001902924,0.04302458323613223,149.99439148002546,150.0374160632616,true
500,20.0,150.01199822578135,0.04390405020924959,149.99626458160358,150.04016863181283,true
500,20.0,149.97931919448234,0.042565071450326286,149.96336501501708,150.0059300864674,true
500,20.0,150.01905694910204,0.04356719306736068,150.00324712864773,150.0468143217151,false
500,20.0,150.00307611650538,0.04396297111972558,149.9871673883611,150.0311303594808,true
500,20.0,150.02246612426478,0.043720234801554625,150.00714664552024,150.0508668803218,false
500,20.0,149.99653669710264,0.044614325471371785,149.98032347024346,150.02493779571483,true
500,20.0,150.01306807447787,0.045673167159009154,149.99705938551165,150.04273255267066,true
500,20.0,149.91457849294477,0.04229869129864028,149.9002557341234,149.94255442542203,false
500,20.0,149.89468521845248,0.041324875318053955,149.88028669088948,149.92161156620753,false
500,20.0,149.9854173069587,0.04200574529176038,149.96947497697914,150.0114807222709,true
500,20.0,150.00834164588767,0.04643994609014612,149.99128001398088,150.03771996007103,true
500,20.0,149.95930584019453,0.042945259493109234,149.94382851722716,149.98677377672027,false
500,20.0,150.02659613624965,0.046599468288547996,150.00960401966017,150.05620348794872,false
500,20.0,149.99368170602128,0.041495738086211986,149.97738491252508,150.0188806506113,true
500,20.0,149.96378353828172,0.042123989387079064,149.94808922806604,149.99021321745312,false
500,20.0,149.989965376265,0.04777022286825172,149.9719025590785,150.01967278194675,true
500,20.0,149.95348898170857,0.0440881794670247,149.9377210677204,149.9818092471874,false
500,20.0,150.01370202121225,0.04498878848156096,149.997491348051,150.04248013653256,true
500,20.0,149.9579842841173,0.04246678598849485,149.94235020080959,149.98481698679808,false
500,20.0,150.02068935267124,0.046071492030364425,150.00413632936835,150.05020782139871,false
500,20.0,150.00971274343743,0.042970497521054085,149.99363258440653,150.03660308192758,true
500,20.0,150.01871743198356,0.04583099468618457,150.0015201567107,150.0473511513969,false
500,20.0,149.99423094728783,0.045609933740365705,149.97787656557978,150.02348649932014,true
500,20.0,149.93194456464894,0.045163778068115334,149.91575376128958,149.9609175393577,false
500,20.0,149.97813443574233,0.04429311714986284,149.96208368812603,150.0063768052759,true
500,20.0,150.01871297807602,0.04509106710884225,150.00258732688775,150.0476783939966,false
500,20.0,150.01223112223727,0.047251806665656204,149.9956576872975,150.04290949396315,true
500,20.0,149.96815062494474,0.04519156831975124,149.95100736857717,149.99619893689692,false
500,20.0,149.99794954742063,0.04429794440693513,149.98147048904565,150.02576843345258,true
500,20.0,149.9979731407883,0.04494187937740435,149.98098013333606,150.02592201271347,true
500,20.0,150.01595777983306,0.045142067369340566,150.00038128626136,150.0455233536307,false
500,20.0,150.00249415827454,0.04501401548947115,149.98573381166295,150.03074782715242,true
500,20.0,150.02118981871615,0.043362636470789084,150.00541939420287,150.04878203067366,false
500,20.0,149.97492204293903,0.04633745024386826,149.9582522473815,150.00458969762536,true
500,20.0,149.92353506627768,0.0429367447545701,149.90732473414295,149.95026147889752,false
500,20.0,150.0124875033163,0.04423055154742883,149.99741993758494,150.04165048913237,true
500,20.0,150.02619092813106,0.04372703205689277,150.010278255626,150.05400528768288,false
500,20.0,149.9743473726299,0.046027472881633,149.95753976649863,150.00356723938026,true
500,20.0,149.90879597903967,0.04238142325741023,149.89406486304242,149.93644628629983,false
500,20.0,150.01352291187393,0.0453685968223283,149.9973203569834,150.04268895380574,true
500,20.0,149.97160947727258,0.04481766596464354,149.95479627565263,149.99961394161727,false
500,20.0,150.02274709828956,0.04656926691424701,150.0056766359029,150.05224590281713,false
500,20.0,149.9999246103626,0.04520541992252447,149.9825069107536,150.02771233067614,true
500,20.0,149.95360014625643,0.04420700235104391,149.93764695233062,149.98185395468167,false
500,20.0,149.95694376893024,0.04183736855631537,149.94058475924697,149.9824221278033,false
500,20.0,150.01494037513504,0.04482472831259088,149.99854779366024,150.04337252197283,true
500,20.0,150.02166232866466,0.04740127361617397,150.00458155776624,150.05198283138242,false
500,20.0,149.92318304408582,0.047453889120930626,149.90472437115525,149.95217826027618,false
500,20.0,150.00164238076113,0.043811768403571705,149.98548972070662,150.0293014891102,true
500,20.0,150.0003703406663,0.04312413630194101,149.98334514374977,150.0264692800517,true
500,20.0,149.94716120843913,0.04388105033120837,149.93101139101532,149.97489244134653,false
500,20.0,150.01064706065603,0.04342216841482127,149.99472309232556,150.03814526074038,true
500,20.0,149.99281631089957,0.044517041028768745,149.9766377595747,150.02115480060345,true
500,20.0,149.9561259572004,0.04266854851951507,149.9413876510384,149.98405619955793,false
500,20.0,150.02835059395977,0.04663315287837122,150.0111478397656,150.05778099264398,false
500,20.0,150.02137658615345,0.042672892032726395,150.00511873082414,150.04779162285686,false
500,20.0,149.9999690539144,0.045675626687000204,149.98358893157211,150.02926455825911,true
500,20.0,149.9268636190871,0.043070376112098074,149.9111803633598,149.9542507394719,false
500,20.0,150.0109325660277,0.043272839878341074,149.99511295486963,150.03838579474797,true
500,20.0,149.96828271615016,0.04482991966105487,149.95168606637648,149.99651598603754,false
500,20.0,150.0152439462692,0.04235461414938868,149.99946820928122,150.0418228234306,true
500,20.0,150.00362342748764,0.04285893466956736,149.98703892889537,150.02989786356494,true
500,20.0,150.02801876520988,0.043888848743506514,150.01170218145322,150.05559103019672,false
500,20.0,150.01274255429064,0.04260969685759619,149.99669855878864,150.03930825564623,true
500,20.0,149.99779366546232,0.04410502576996578,149.98162065552265,150.0257256812926,true
500,20.0,149.97622655349306,0.04079386533399543,149.96139796568107,150.00219183101507,true
