ndata,sigma,theta_median,theta_iqrs,quartiles1,quartiles3,theta_coverage
200,20.0,99.99474955472515,0.27314855129517923,99.82750875309327,100.10065730438845,true
200,20.0,100.27011288807796,0.2637151607604693,100.10753406857167,100.37124922933214,false
200,20.0,99.88598360793074,0.26304437657765334,99.71660196628977,99.97964634286743,false
200,20.0,99.94581674402575,0.2720728242286583,99.77642833973896,100.04850116396761,true
200,20.0,100.19547000184545,0.2798089584757122,100.0196919225175,100.29950088099321,false
200,20.0,100.14425322250433,0.262546929815457,99.97894598577811,100.24149291559357,true
200,20.0,100.00042065365943,0.2865716350102048,99.81925810450694,100.10582973951715,true
200,20.0,100.02023636582021,0.29160033947999864,99.83241484847208,100.12401518795208,true
200,20.0,100.20473398105577,0.2926231218345663,100.02152067997486,100.31414380180942,false
200,20.0,99.9876086870079,0.29101759720867904,99.80301880360616,100.09403640081484,true
200,20.0,100.55884959232452,0.27438837166832286,100.38614641611235,100.66053478778068,false
200,20.0,99.89222820668986,0.2825501352527624,99.71179183005887,99.99434196531163,false
200,20.0,99.87018005008821,0.26426929800869914,99.70926284574148,99.97353214375018,false
200,20.0,100.01851253710436,0.2911376033313786,99.83188368539486,100.12302128872624,true
200,20.0,100.3856350340321,0.27677933739101945,100.21050655886576,100.48728589625678,false
200,20.0,99.92920747167943,0.30145453862419913,99.73803091623317,100.03948545485737,true
200,20.0,99.84702347203972,0.25724252740106124,99.68653851520118,99.94378104260224,false
200,20.0,99.91556147022399,0.26681337748011913,99.74707610756877,100.01388948504889,true
200,20.0,100.13410152137422,0.26681368217644774,99.96812891663203,100.23494259880847,true
200,20.0,99.93469399195706,0.28449520269391826,99.75335477063174,100.03784997332566,true
200,20.0,100.33675991043314,0.2812215501474924,100.15652806609964,100.43774961624713,false
200,20.0,99.84822195997458,0.2731580129669311,99.67626446784982,99.94942248081675,false
200,20.0,99.87314241334286,0.2710549484006606,99.70344361945476,99.97449856785542,false
200,20.0,99.84148258541636,0.2674627481955554,99.67784736579925,99.94531011399481,false
200,20.0,100.53253397770695,0.2683212263674477,100.36186660676327,100.63018783313072,false
200,20.0,100.17764693892508,0.2835102172682298,99.99702650090761,100.28053671817584,true
200,20.0,99.89149706861332,0.26895548209127185,99.72414048795615,99.99309597004742,false
200,20.0,100.26372708957167,0.26881600482228407,100.09502064545782,100.3638366502801,false
200,20.0,99.87626676734843,0.2768159651465254,99.70468529514737,99.9815012602939,false
200,20.0,99.85403416831971,0.27540975546126845,99.67504507895325,99.95045483441451,false
200,20.0,99.83256221770745,0.29162408849393273,99.64932910094467,99.9409531894386,false
200,20.0,100.0236889876976,0.2640800832903949,99.8612786876584,100.1253587709488,true
200,20.0,100.05382176427182,0.29365748168910955,99.86847617444032,100.16213365612943,true
200,20.0,99.92789207279682,0.2690293173182141,99.75883276196376,100.02786207928197,true
200,20.0,100.25326713056873,0.2555783706354049,100.09101965058566,100.34659802122107,false
200,20.0,99.82417657442201,0.29200781347098825,99.64156283650763,99.93357064997862,false
200,20.0,99.99966466168301,0.2556218521810223,99.83428474609566,100.08990659827668,true
200,20.0,100.32462042427788,0.273438536521482,100.15615270439196,100.42959124091344,false
200,20.0,100.04717843391089,0.27952400168562974,99.87371157272243,100.15323557440806,true
200,20.0,99.91213157886035,0.28672669628628,99.72963437903847,100.01636107532475,true
200,20.0,99.98640416320202,0.257429068320306,99.82670439194068,100.08413346026099,true
200,20.0,100.14286169754519,0.2735729407493608,99.96989190260187,100.24346484335123,true
200,20.0,100.35666598326276,0.2557894247632504,100.20041961196996,100.45620903673321,false
200,20.0,100.12317565602027,0.2744931672059039,99.95043838067114,100.22493154787705,true
200,20.0,99.97933335892014,0.28097063005600376,99.80252633368528,100.08349696374128,true
200,20.0,99.82338278418459,0.28691454156032137,99.64175769758458,99.9286722391449,false
200,20.0,99.86218091523972,0.2868213599530094,99.68172833977101,99.96854969972402,false
200,20.0,100.25778240248698,0.2783249258348377,100.08632606191868,100.36465098775352,false
200,20.0,100.13169079883272,0.2757191292334653,99.95752408505547,100.23324321428893,true
200,20.0,99.82527773743303,0.2795111296103272,99.65099051089871,99.93050164050904,false
200,20.0,99.9718670908318,0.2702602385215158,99.7972003644669,100.06746060298842,true
200,20.0,100.48040639811387,0.2724804284791844,100.30697204162456,100.57945247010375,false
200,20.0,99.88509464157768,0.25928154648255486,99.72288585095288,99.98216739743543,false
200,20.0,99.93089958739432,0.2611148913974546,99.76468097204688,100.02579586344433,true
200,20.0,99.92670333569069,0.2916909859513339,99.73960795613515,100.03129894208648,true
200,20.0,100.02828134552763,0.2748938836763841,99.85850671875113,100.13340060242751,true
200,20.0,99.88742201357991,0.28533830370179203,99.71118944049488,99.99652774419667,false
200,20.0,99.97068542725606,0.30420717077593906,99.7778276707411,100.08203484151704,true
200,20.0,99.99074457646023,0.26588420909141064,99.82312601510407,100.08901022419548,true
200,20.0,100.1133622929167,0.27951138586348634,99.93180504420276,100.21131643006625,true
200,20.0,99.94804995895649,0.25675395054771855,99.78327904431734,100.04003299486506,true
200,20.0,100.16503586784556,0.2646976192706063,99.99325729397684,100.25795491324745,true
200,20.0,100.3213337047227,0.2796200023622646,100.14143603304939,100.42105603541165,false
200,20.0,100.41539028928842,0.27418847344158337,100.2469319855818,100.52112045902338,false
200,20.0,99.98478628006079,0.2643728802967189,99.81493574039656,100.07930862069328,true
200,20.0,100.19534809098943,0.2534239991851308,100.03200255963586,100.28542655882099,false
200,20.0,99.80445241971738,0.29463246632509765,99.62413429725103,99.91876676357613,false
200,20.0,100.28786202902396,0.26046395921481746,100.12681216635255,100.38727612556737,false
200,20.0,100.41300359676153,0.2945619767451575,100.22979808270115,100.52436005944631,false
200,20.0,100.63840840514003,0.2846517537806932,100.45307819706763,100.73772995084832,false
200,20.0,99.91066536236701,0.2517267774003642,99.75434676639884,100.0060735437992,true
200,20.0,100.15652029807765,0.273198561327348,99.98611107488202,100.25930963620937,true
200,20.0,100.02679583283398,0.26532545173570554,99.85874625553822,100.12407170727393,true
200,20.0,99.83179562698804,0.28751777376164966,99.6549734241788,99.94249119794046,false
200,20.0,100.00220609736638,0.2938286036547879,99.81550749967064,100.10933610332543,true
200,20.0,99.9928805923617,0.268758656026975,99.83328425394711,100.10204290997409,true
200,20.0,99.90191977109853,0.27058129660920827,99.7322417093381,100.0028230059473,true
200,20.0,99.91327716669139,0.2850243657428564,99.73357552234684,100.0185998880897,true
200,20.0,99.96786719761846,0.2835821424428673,99.78847857414343,100.0720607165863,true
200,20.0,100.67057298705186,0.28066899016576485,100.49354242721871,100.77421141738448,false
200,20.0,100.08931685743465,0.2717707941170602,99.92030338292753,100.19207417704459,true
200,20.0,99.93721489151037,0.2675349740841284,99.77035358821189,100.03788856229602,true
200,20.0,99.89507135138459,0.26663572284797965,99.73220305878323,99.9988387816312,false
200,20.0,100.00064699272485,0.27326788228941723,99.82576367125748,100.0990315535469,true
200,20.0,99.91628364850857,0.25883847320886844,99.75466273349258,100.01350120670145,true
200,20.0,100.16496836739879,0.28542308245863524,99.98322782552955,100.26865090798819,true
200,20.0,100.15650606066879,0.27089276633337533,99.99087502148954,100.26176778782292,true
200,20.0,99.88840504326846,0.2714128307585071,99.71281193957978,99.98422477033829,false
200,20.0,100.39145895724705,0.2803491588518341,100.2090144610242,100.48936361987603,false
200,20.0,99.87886511743486,0.2662292453280486,99.70924157102755,99.9754708163556,false
200,20.0,100.83689204796877,0.2504326760183915,100.68186450617216,100.93229718219055,false
200,20.0,99.9512418544982,0.27476876360020697,99.77530263074554,100.05007139434575,true
200,20.0,99.87566637906633,0.26924355214038087,99.70584726742601,99.97509081956639,false
200,20.0,100.00224720652895,0.2850727427821056,99.82616906568025,100.11124180846235,true
200,20.0,99.9393288679835,0.2599929210576164,99.77362152245523,100.03361444351285,true
200,20.0,99.96628364010678,0.2820460361081132,99.78464116775018,100.0666872038583,true
200,20.0,100.21507748965416,0.2925314320907262,100.0350850742435,100.32761650633422,false
200,20.0,99.92163561904539,0.282726709303077,99.73772369710254,100.02045040640562,true
200,20.0,100.2452202476193,0.2783586778118803,100.06851553955562,100.3468742173675,false
200,20.0,100.09040210661705,0.2696245267107429,99.91926254675656,100.1888870734673,true
200,20.0,100.06614964275684,0.28016083483525733,99.88939253316136,100.16955336799661,true
200,20.0,100.43920969985203,0.2836881093298018,100.25889650910295,100.54258461843276,false
200,20.0,100.4130720028737,0.26946389275346405,100.2390149394117,100.50847883216517,false
200,20.0,99.99234614809242,0.29068196183754935,99.80410514836205,100.0947871101996,true
200,20.0,100.46227934078755,0.26491239835462466,100.29694322628494,100.56185562463956,false
200,20.0,99.94116379076232,0.29831141541512807,99.75293120623905,100.05124262165418,true
200,20.0,100.17161103298731,0.28089786534120265,99.99297261176609,100.2738704771073,true
200,20.0,100.29572560657601,0.27670833814767093,100.11868700066702,100.3953953388147,false
200,20.0,99.87248892231997,0.2610436139099903,99.70966627916532,99.97070989307531,false
200,20.0,100.34077053116272,0.2595323575917945,100.18053250004348,100.44006485763528,false
200,20.0,99.84823713777104,0.2954742706548785,99.65805074809367,99.95352501874855,false
200,20.0,100.21331755452576,0.28129008849208503,100.03583051361863,100.31712060211072,false
200,20.0,100.12294040079058,0.2668150164877545,99.95384017327152,100.22065518975927,true
200,20.0,100.38881872202379,0.2641500423434451,100.2253901750312,100.48954021737464,false
200,20.0,99.85494345761488,0.2837349989277982,99.68121622786325,99.96495122679104,false
200,20.0,100.20491697247637,0.26476255832706386,100.0352923086539,100.30005486698096,false
200,20.0,99.96009201224035,0.277921018718402,99.78437451304384,100.06229553176225,true
200,20.0,100.55369605352695,0.2674740115762688,100.38710330667865,100.65457731825492,false
200,20.0,99.93784675842657,0.2595136845663859,99.77457935042611,100.0340930349925,true
200,20.0,100.0295941111332,0.25150635658049225,99.87268250755497,100.12418886413546,true
200,20.0,99.83352901605299,0.26816672177409373,99.66349065471013,99.93165737648422,false
200,20.0,99.89217542956479,0.2771953992809557,99.71934741377281,99.99654281305376,false
200,20.0,100.0397459564905,0.28921751242143046,99.85886804872794,100.14808556114937,true
200,20.0,99.82162421635428,0.3120164498548377,99.62136941547104,99.93338586532587,false
200,20.0,100.42332900074548,0.2794602945210869,100.2478895188921,100.52734981341318,false
200,20.0,99.85991676463064,0.29355454645205725,99.67197358403037,99.96552813048243,false
200,20.0,100.0872566516948,0.26813203536568153,99.9199519531994,100.18808398856508,true
200,20.0,100.74138902953396,0.26864957448104576,100.57491029452244,100.84355986900349,false
200,20.0,99.98277293240037,0.2663652131742822,99.81541864450904,100.08178385768332,true
200,20.0,100.1306901545893,0.2678979515875852,99.96297364032726,100.23087159191485,true
200,20.0,100.42025450320945,0.2553900615679794,100.25787454838718,100.51326460995516,false
200,20.0,100.55143850072005,0.2714384589621801,100.38013108981586,100.65156954877804,false
200,20.0,99.83701550833182,0.2712651511322406,99.66269534781603,99.93396049894827,false
200,20.0,99.92703029151619,0.27145597419051626,99.75616436465644,100.02762033884696,true
200,20.0,100.03476562286161,0.27906703566841884,99.86032756076952,100.13939459643794,true
200,20.0,100.06838028906911,0.2610181843372601,99.90240210999464,100.1634202943319,true
200,20.0,99.90070780913891,0.2841080377518921,99.72334520511126,100.00745324286315,true
200,20.0,99.90722295513402,0.27609861080111386,99.73764509203274,100.01374370283385,true
200,20.0,100.03861718314377,0.2728664911862779,99.86281035135977,100.13567684254605,true
200,20.0,99.98169126832624,0.27135772995673335,99.81187139070576,100.0832291206625,true
200,20.0,99.89853532559839,0.2695241182794774,99.7336472832185,100.00317140149798,true
200,20.0,99.83137120785346,0.2733477644209046,99.65971323408164,99.93306099850254,false
200,20.0,99.99815940553503,0.2661775477127861,99.83152357649803,100.09770112421081,true
200,20.0,100.01982800874625,0.2792833258801295,99.84334833965637,100.1226316655365,true
200,20.0,100.15482029922609,0.2762993728549077,99.98364493900141,100.25994431185632,true
200,20.0,99.83437902872018,0.2731682295829785,99.6594675355407,99.93263576512368,false
200,20.0,100.06176126889608,0.2733385141979596,99.88811496098548,100.16145347518344,true
200,20.0,99.97297050669076,0.27952044021296274,99.7964840150284,100.07600445524136,true
200,20.0,100.03309430697277,0.28276566209046905,99.85804734487674,100.1408130069672,true
200,20.0,100.53122831343748,0.2605413370540788,100.37061114753864,100.63115248459272,false
200,20.0,99.955685044468,0.2795945387953651,99.78022189832637,100.05981643712174,true
200,20.0,99.98431866845988,0.2871070199987571,99.80415819504387,100.09126521504263,true
200,20.0,99.82998278312675,0.27537576904623506,99.65738322199813,99.93275899104437,false
200,20.0,100.05097990190625,0.28293842651656576,99.87359611881874,100.1565345453353,true
200,20.0,99.96084665182816,0.28691439187136325,99.77708479588745,100.06399918775881,true
200,20.0,100.11669230024285,0.27293942571758123,99.94646178439284,100.21940121011042,true
200,20.0,100.33281521839052,0.27581391066912886,100.15393766101883,100.42975157168796,false
200,20.0,99.81621944347955,0.29583147835870705,99.62978983794315,99.92562131630186,false
200,20.0,99.83882294198932,0.28786242135485907,99.65370090446125,99.9415633258161,false
200,20.0,99.98502573681074,0.2797359554979266,99.81087701708029,100.09061297257821,true
200,20.0,99.8837203645804,0.2740495480941547,99.71308336651313,99.98713291460729,false
200,20.0,99.85505319335924,0.2789146067491828,99.6748652672818,99.95377987403099,false
200,20.0,99.9848376538425,0.27362841503399693,99.81049835042076,100.08412676545476,true
200,20.0,99.98510244190173,0.29559660379023,99.80690699097349,100.10250359476372,true
200,20.0,99.98546120652884,0.26089695945985625,99.82323302223344,100.0841299816933,true
200,20.0,100.53670221281706,0.28184012955718174,100.3604574373561,100.64229756691329,false
200,20.0,99.82814408613132,0.2799207377302224,99.65285793091437,99.93277866864459,false
200,20.0,99.89646177359637,0.2557017575708471,99.73666078608188,99.99236254365273,false
200,20.0,100.15920387575711,0.27001896675028547,99.98944611141116,100.25946507816144,true
200,20.0,99.92871727930753,0.25760142763448357,99.77160977330205,100.02921120093653,true
200,20.0,100.24155176554194,0.27806172832853804,100.06495894988792,100.34302067821646,false
200,20.0,100.20267788411016,0.2788732639093041,100.02351616212054,100.30238942602985,false
200,20.0,99.90869188006562,0.2595223986841404,99.74688187728238,100.00640427596652,true
200,20.0,100.2628644645518,0.2583054957254376,100.09977046136706,100.3580759570925,false
200,20.0,99.82841311087026,0.28164281253150136,99.65092219882848,99.93256501135998,false
200,20.0,100.10920757145539,0.2552929771916155,99.94725092465151,100.20254390184313,true
200,20.0,100.03807752672219,0.25563945088967444,99.87904730589015,100.13468675677983,true
200,20.0,99.94328989023433,0.26510431479653107,99.77649454822193,100.04159886301846,true
200,20.0,100.15052365929137,0.296394263810285,99.96676995004512,100.2631642138554,true
200,20.0,99.82272691120318,0.28213817638592786,99.6441273727388,99.92626554912472,false
200,20.0,100.06427178631793,0.26275109365275284,99.89836871627716,100.16111980992991,true
200,20.0,100.16863724685543,0.2538142137039756,100.00984612151913,100.26366033522311,false
200,20.0,100.03431658452575,0.27580307164959095,99.8591893914471,100.1349924630967,true
200,20.0,100.2817924775558,0.26137748392477533,100.11440283067168,100.37578031459645,false
200,20.0,99.93532305050653,0.285086540397657,99.75478820488472,100.03987474528238,true
200,20.0,99.965316806569,0.28828369942318943,99.78532927173974,100.07361297116293,true
200,20.0,100.4045687309897,0.27592443847410664,100.23040650738396,100.50633094585807,false
200,20.0,99.88115829696635,0.2836602021237695,99.70244818460127,99.98610838672504,false
200,20.0,100.11263154850178,0.25779403600287765,99.95249706905226,100.21029110505513,true
200,20.0,100.04406739971276,0.2731368823568232,99.8727762711316,100.14591315348842,true
200,20.0,99.99767195504016,0.27916840311341673,99.81716719817007,100.09633560128349,true
200,20.0,100.18426272565603,0.2832500180036135,100.00382476753433,100.28707478553794,false
200,20.0,100.138309239477,0.2733298875477601,99.96561289769292,100.23894278524068,true
200,20.0,99.92857092837096,0.2666631712268952,99.75996425048642,100.02662742171331,true
200,20.0,99.85442136106892,0.2881084760283841,99.67129428785343,99.95940276388181,false
200,20.0,100.21855247068873,0.2625530110840373,100.05478444646931,100.31733745755335,false
200,20.0,100.19915039820168,0.27416947556578464,100.02803802620444,100.30220750177023,false
200,20.0,100.04786143241913,0.2700679624707476,99.88225928853532,100.15232725100607,true
200,20.0,99.84068514481771,0.2621979131213408,99.67701596692388,99.93921388004522,false
200,20.0,100.62110555369927,0.2734959182527348,100.45081377753463,100.72430969578737,false
200,20.0,100.04909742321375,0.2611939688543998,99.88527836267158,100.14647233152598,true
200,20.0,99.91861017747655,0.28536441621062636,99.73766423477696,100.02302865098758,true
200,20.0,99.86592336919381,0.25561924226656174,99.70897202082608,99.96459126309264,false
200,20.0,99.8667503100902,0.2615925836031181,99.70578456097262,99.96737714457574,false
200,20.0,99.85395794072465,0.2688703199976459,99.68196189611926,99.95083221611691,false
200,20.0,100.11753297037475,0.279947186204609,99.94035962392576,100.22030681013037,true
200,20.0,99.917159613968,0.2908261568934307,99.73036163796573,100.02118779485916,true
200,20.0,99.88913040282796,0.25942844439570933,99.72511869334717,99.98454713774288,false
200,20.0,99.93909222460668,0.26993440330549845,99.7712127287889,100.0411471320944,true
200,20.0,100.19866568024705,0.27796046203603453,100.023605275378,100.30156573741404,false
200,20.0,100.47904352222051,0.2639930696661281,100.31145012992556,100.57544319959169,false
200,20.0,99.9811509740153,0.2550032061917875,99.82448394120381,100.0794871473956,true
200,20.0,100.44232788719646,0.25624559236234745,100.27696556522646,100.53321115758881,false
200,20.0,99.87441813307476,0.2672945871228478,99.70853143252106,99.9758260196439,false
200,20.0,99.92342187896367,0.27045446930878825,99.75268181996597,100.02313628927476,true
200,20.0,100.4305975667252,0.2836498688803175,100.25592854211543,100.53957841099574,false
200,20.0,100.17788952500975,0.2981877683514824,99.99076616840047,100.28895393675195,true
200,20.0,99.93976679408203,0.2804853721391396,99.75962186560295,100.04010723774209,true
200,20.0,99.93606577804948,0.27406570341966585,99.76429161813745,100.03835732155711,true
200,20.0,100.4595981272995,0.2765268046823479,100.2873436377109,100.56387044239325,false
200,20.0,100.5002517988783,0.28274197802306844,100.32524284950071,100.60798482752378,false
200,20.0,100.09459686039776,0.2672081580352881,99.92475808570718,100.19196624374247,true
200,20.0,100.00677513309279,0.26546558620218264,99.84068451970901,100.1061501059112,true
200,20.0,100.1726321077472,0.27039478224310187,100.00253221376202,100.27292699600513,false
200,20.0,99.85624359754883,0.28080475372364333,99.67880575978572,99.95961051350936,false
200,20.0,99.98494020428551,0.26819920438575195,99.81529210883708,100.08349131322284,true
200,20.0,99.83697974843503,0.26846027065279543,99.66686915675243,99.93532942740522,false
200,20.0,99.88625538385003,0.274448209066918,99.70999208073292,99.98444028979983,false
200,20.0,100.03922233145884,0.2828319885350936,99.85965425792307,100.14248624645816,true
200,20.0,99.86366322791588,0.26631077739996556,99.69634491950589,99.96265569690586,false
200,20.0,99.90356427876907,0.2727258654977618,99.72912050815444,100.0018463736522,true
200,20.0,100.23046467353483,0.27338548873298407,100.05449894376471,100.3278844324977,false
200,20.0,99.97328083518943,0.27369520496306166,99.80330216068495,100.07699736564801,true
200,20.0,100.1349434580803,0.27392636310445084,99.96254065215174,100.2364670152562,true
200,20.0,99.92645949928107,0.30159307678219704,99.7345455712754,100.0361386480576,true
200,20.0,100.41674127709149,0.2562588797983807,100.25335935282749,100.50961823262587,false
200,20.0,99.97404425145076,0.28901305510376574,99.79415987904251,100.08317293414628,true
200,20.0,100.25002056351815,0.2736207600938627,100.0768591517108,100.35047991180467,false
200,20.0,100.039914968452,0.2590218477867552,99.87755964517308,100.13658149295983,true
200,20.0,100.03690352253408,0.26793749196234273,99.87136878874266,100.139306280705,true
200,20.0,99.87229266048735,0.2785568374187761,99.69424907440047,99.97280591181925,false
200,20.0,99.87649111958223,0.2803319177985344,99.69825490580018,99.97858682359872,false
200,20.0,99.96670326115547,0.25798698001526077,99.80856833079454,100.0665553108098,true
200,20.0,100.06675532812557,0.2863667150729583,99.87595819139483,100.16232490646779,true
200,20.0,99.94281840054785,0.28062823440610885,99.76738656905161,100.04801480345772,true
200,20.0,99.94193560271013,0.28538700689104246,99.76194338284779,100.04733038973883,true
200,20.0,100.2423751519965,0.2759893110865761,100.06799863509868,100.34398794618525,false
200,20.0,99.97457269105254,0.26376109993066166,99.80465455285592,100.06841565278658,true
200,20.0,100.0997013589603,0.275659917917352,99.93127975801815,100.2069396759355,true
200,20.0,99.88340733674582,0.2743105030496764,99.7099060101817,99.98421651323137,false
200,20.0,99.85368056112839,0.29019821125886835,99.6642574931783,99.95445570443717,false
200,20.0,100.04345666171557,0.2771634332522268,99.86765047426194,100.14481390751416,true
200,20.0,100.31516056179693,0.2738425621648872,100.1479112517777,100.42175381394259,false
200,20.0,100.66687583583109,0.27816242536916036,100.49202742965922,100.77018985502838,false
200,20.0,99.98750440399165,0.2835555719604059,99.80974932411722,100.09330489607763,true
200,20.0,99.88628000416197,0.2909201088508979,99.70374425892759,99.99466436777848,false
200,20.0,99.8598653027185,0.29086867664871363,99.67491440783047,99.96578308447918,false
200,20.0,100.06018748010135,0.2746861938801288,99.88522511892644,100.15991131280657,true
200,20.0,99.99202755336418,0.274323825287496,99.81785059560103,100.09217442088853,true
200,20.0,100.28498795970361,0.2578308278544199,100.12151980371624,100.37935063157066,false
200,20.0,100.6471460978633,0.2903104370577694,100.46240168935046,100.75271212640823,false
200,20.0,99.9621418916767,0.2873180925923009,99.77606496903609,100.06338306162839,true
200,20.0,100.08877289826647,0.27855883902225287,99.90916538814986,100.18772422717211,true
200,20.0,99.83417523383156,0.2734506908694243,99.66226927419412,99.93571996506354,false
200,20.0,99.83087229910588,0.2967347252174619,99.63717375410265,99.93390847932011,false
200,20.0,100.19788646825383,0.2704808424244618,100.02789501027799,100.29837585270245,false
200,20.0,99.93874339047093,0.27692796325172253,99.76177658752493,100.03870455077666,true
200,20.0,99.97241651468192,0.2786471797697345,99.79369410611164,100.07234128588138,true
200,20.0,99.92539308850452,0.2814427993486248,99.74881427101823,100.03025707036686,true
200,20.0,99.97307417521193,0.28067411945743004,99.79386171143668,100.0745358308941,true
200,20.0,99.86503189374163,0.2836256878279073,99.68515499617791,99.96878068400582,false
200,20.0,100.31185335249236,0.3138059267906499,100.11798078823077,100.43178671502142,false
200,20.0,99.94328919624785,0.2725694817366815,99.76901981012446,100.04158929186114,true
200,20.0,99.91734587180066,0.28186051260097145,99.74206283646457,100.02392334906554,true
200,20.0,100.03918133205838,0.2677730669590943,99.87032395900422,100.13809702596332,true
200,20.0,100.10602500267217,0.27663503220755103,99.92730181056324,100.20393684277079,true
200,20.0,100.29145763801169,0.3014499511836277,100.10446579864177,100.4059157498254,false
200,20.0,99.84988670052073,0.28530816985588103,99.66497446660463,99.95028263646051,false
200,20.0,99.95261778052222,0.26962452223077094,99.77902927574328,100.04865379797405,true
200,20.0,99.94948898999816,0.2738386504093455,99.77564180196572,100.04948045237506,true
200,20.0,99.99067384559513,0.2479463839055427,99.83949161503222,100.08743799893776,true
200,20.0,100.24040445439826,0.28078336497375744,100.06154934236972,100.34233270734347,false
200,20.0,100.09619913781029,0.280520685910588,99.91915750222059,100.19967818813117,true
200,20.0,100.59178425528184,0.2798440653982084,100.41450341761598,100.69434748301418,false
200,20.0,100.01799532867996,0.2913557752370508,99.8341495364148,100.12550531165185,true
200,20.0,100.24256046218957,0.2775410728688428,100.06723805316705,100.34477912603589,false
200,20.0,100.66732767410208,0.2670646766941758,100.49452693009019,100.76159160678436,false
200,20.0,99.85005890320883,0.28600509053215717,99.67200378642396,99.95800887695611,false
200,20.0,99.9031880267346,0.2823506877122668,99.72297767761988,100.00532836533215,true
200,20.0,99.86499230032396,0.27983323286353823,99.68998078056535,99.96981401342889,false
200,20.0,100.15030144041683,0.27887713424101435,99.97616002235512,100.25503715659613,true
200,20.0,100.27004590422953,0.2798036243697908,100.0916881403723,100.37149176474209,false
200,20.0,100.08297306534072,0.27418100249671795,99.90578335612398,100.1799643586207,true
200,20.0,99.86992818079094,0.26253185415058056,99.70359351727018,99.96612537142076,false
200,20.0,99.90048268199844,0.28112835900789435,99.72505290572522,100.00618126473312,true
200,20.0,100.22756930537695,0.2880099961057141,100.0493961925424,100.33740618864812,false
200,20.0,100.15460352731637,0.2617911247197924,99.99046769703321,100.252258821753,true
200,20.0,100.17551636874393,0.2819325846452898,99.99314527246014,100.27507785710543,true
200,20.0,99.84279437519885,0.2537156766694295,99.68641582371872,99.94013150038815,false
200,20.0,100.00990319909369,0.2818636870418203,99.83630578870691,100.11816947574873,true
200,20.0,100.13155898010199,0.2726015548704481,99.95962896203667,100.23223051690712,true
200,20.0,100.06978503945771,0.26827876024455577,99.89469866484842,100.16297742509298,true
200,20.0,99.86497678245468,0.27580078811861597,99.69186791524136,99.96766870335998,false
200,20.0,100.01709978449622,0.27677496136429625,99.84215566588541,100.11893062724971,true
200,20.0,99.940916542454,0.2876287059911533,99.76217146078237,100.04980016677352,true
200,20.0,99.90384655597103,0.279122495919637,99.72781539941721,100.00693789533685,true
200,20.0,100.53861243803203,0.2900109786215239,100.35539455030404,100.64540552892556,false
200,20.0,99.94851820842632,0.2832486223210964,99.76761825837343,100.05086688069453,true
200,20.0,99.91992167891037,0.26346513792344695,99.75608890770707,100.01955404563051,true
200,20.0,99.96167085245176,0.2891129719481711,99.77823535840452,100.06734833035269,true
200,20.0,101.01816308549611,0.2730444807489647,100.85048783158514,101.1235323123341,false
200,20.0,100.3262640174134,0.28144812233223604,100.14696177038343,100.42840989271566,false
200,20.0,99.91997495354043,0.27736438655472284,99.7417136835096,100.01907807006432,true
200,20.0,99.97110166230041,0.28827799470091975,99.78997000820264,100.07824800290356,true
200,20.0,99.94995308595357,0.27525666910560176,99.77382527300321,100.04908194210881,true
200,20.0,99.94129021724427,0.2670803030521398,99.77563069605772,100.04271099910986,true
200,20.0,100.00338416415708,0.2725329763657669,99.83001837503899,100.10255135140476,true
200,20.0,100.13491409327436,0.2828795473418637,99.95686566303227,100.23974521037414,true
200,20.0,100.20255552206721,0.28831400839466426,100.02233500698186,100.31064901537653,false
200,20.0,100.33140558166605,0.26443723825420307,100.16195132854548,100.42638856679969,false
200,20.0,99.86815162956637,0.28553173273111554,99.68793805123501,99.97346978396612,false
200,20.0,99.84790227161426,0.293853557383315,99.6555539468694,99.94940750425272,false
200,20.0,100.32025239143681,0.2600713972305897,100.1602137102709,100.42028510750148,false
200,20.0,100.68691174937364,0.25081302624633395,100.53091822681492,100.78173125306125,false
200,20.0,100.15203411192459,0.2837741584404938,99.97556023485434,100.25933439329484,true
200,20.0,100.03682176427046,0.2896962825037406,99.85492177347408,100.14461805597782,true
200,20.0,99.83181737207548,0.2775381921028952,99.6542368430606,99.9317750351635,false
200,20.0,99.9241031180469,0.2663480109830516,99.75592615147818,100.02227416246123,true
200,20.0,99.84239661937983,0.29118155980501115,99.65808021810108,99.94926177790609,false
200,20.0,99.88063561846167,0.29730086097242747,99.6913959135349,99.98869677450733,false
200,20.0,99.86985094277009,0.2854934758043015,99.69273453966316,99.97822801546747,false
200,20.0,100.17221754079331,0.26689309903400726,100.00185824502255,100.26875134405655,false
200,20.0,100.07930007455667,0.27330384527793683,99.90275211371286,100.1760559589908,true
200,20.0,99.84766256686501,0.2811502232797096,99.67059826619808,99.9517484894778,false
200,20.0,100.1676170547859,0.25417755080216864,100.00613434907498,100.26031189987715,false
200,20.0,99.9913330274824,0.2832324003296236,99.81243987169465,100.09567227202427,true
200,20.0,100.1301173430542,0.267960676269567,99.96414426134648,100.23210493761604,true
200,20.0,99.98803682364982,0.28718052424034113,99.8079999729562,100.09518049719654,true
200,20.0,100.0285970812276,0.28260547863860097,99.84909965182617,100.13170513046477,true
200,20.0,100.38982947686884,0.25919518933618235,100.2264884430555,100.48568363239168,false
200,20.0,99.89159329480597,0.2778502088599595,99.71476169680365,99.99261190566361,false
200,20.0,99.95089404115893,0.2704058007528971,99.77278799836989,100.04319379912279,true
200,20.0,100.62292543937872,0.2826798364163352,100.44348424465159,100.72616408106792,false
200,20.0,100.37589885487498,0.2710770514282643,100.20315792883115,100.47423498025941,false
200,20.0,100.12112479326493,0.2811322141070747,99.94425323864787,100.22538545275495,true
200,20.0,100.20293534341485,0.2700025682985938,100.03337945101029,100.30338201930888,false
200,20.0,99.9499967571123,0.2809891212467903,99.77394953990691,100.0549386611537,true
200,20.0,100.18315342488313,0.28985099203893583,100.00160530479275,100.29145629683168,false
200,20.0,100.01053734553562,0.27696591127249803,99.83905724765772,100.11602315893022,true
200,20.0,99.96082105117347,0.268320722772728,99.79036019973782,100.05868092251055,true
200,20.0,100.07263451190829,0.27214179662384197,99.9041002714877,100.17624206811155,true
200,20.0,99.99082477620075,0.27709484793840033,99.81723657138438,100.09433141932278,true
200,20.0,100.05905386240778,0.294497138732865,99.87178306985093,100.1662802085838,true
200,20.0,100.10514161822735,0.26738426410274485,99.93969651618013,100.20708078028288,true
200,20.0,100.24730642114649,0.27231443237252506,100.0695227101829,100.34183714255542,false
200,20.0,99.83299185606475,0.27689909459287776,99.65672361500239,99.93362270959527,false
200,20.0,100.2861710066845,0.27993351972978076,100.11418091197183,100.39411443170161,false
200,20.0,99.85596639088169,0.284274924665894,99.67068334245083,99.95495826711672,false
200,20.0,99.81915989284289,0.2848952150515913,99.64285396116551,99.9277491762171,false
200,20.0,100.11267442531818,0.2530066063982872,99.95499482766274,100.20800143406103,true
200,20.0,99.8718534787856,0.28037009531294643,99.69209577657776,99.9724658718907,false
200,20.0,99.9744157917932,0.30837091584542975,99.77145910640462,100.07983002225005,true
200,20.0,100.20648480854163,0.2767844726568427,100.03360218957613,100.31038666223297,false
200,20.0,99.95984156471445,0.27847502913110134,99.77893586185533,100.05741089098643,true
200,20.0,100.06010161507473,0.282560718417983,99.88371800944726,100.16627872786525,true
200,20.0,100.03139510550145,0.2634855027103242,99.86165861565172,100.12514411836204,true
200,20.0,99.95231683099253,0.27357887789436575,99.77368779861672,100.04726667651109,true
200,20.0,100.09776396231223,0.28287978676426917,99.91878543092255,100.20166521768682,true
200,20.0,99.83042550107602,0.275731131824827,99.65865124799987,99.9343823798247,false
200,20.0,100.50650979894749,0.25262305141471586,100.34740362623197,100.60002667764668,false
200,20.0,100.05997054029467,0.2620446626005304,99.89206832341426,100.1541129860148,true
200,20.0,99.96426517973958,0.2640062106661958,99.79666015551447,100.06066636618067,true
200,20.0,100.5272987523894,0.27712615539816454,100.35117367871788,100.62829983411605,false
200,20.0,100.27006658683699,0.260206889744623,100.10731747962657,100.3675243693712,false
200,20.0,100.26555007334645,0.26462380970163224,100.1031144408807,100.36773825058233,false
200,20.0,100.86417821251233,0.26184392832595904,100.69863507072309,100.96047899904904,false
200,20.0,99.89429846341031,0.279723863273901,99.7238935571533,100.0036174204272,true
200,20.0,99.93502791197949,0.2643540390114367,99.7686539701344,100.03300800914583,true
200,20.0,99.92804323296949,0.27456219220607636,99.75577508209965,100.03033727430572,true
200,20.0,100.3694538479448,0.2585166038601585,100.20238290094946,100.46089950480962,false
200,20.0,99.96060032350968,0.2738028655365099,99.78947350153732,100.06327636707383,true
200,20.0,100.62878090289507,0.28082710431405644,100.44751197569835,100.7283390800124,false
200,20.0,99.99598884209868,0.28064835450226155,99.81979653919771,100.10044489369997,true
200,20.0,99.82392240875332,0.2841747080458532,99.64475020170786,99.92892490975372,false
200,20.0,99.86327646099761,0.2943999907286212,99.6741584244904,99.96855841521902,false
200,20.0,100.68004347412125,0.2719334531897175,100.51049020763705,100.78242366082677,false
200,20.0,99.88011119842793,0.28299565695000695,99.70124846052235,99.98424411747236,false
200,20.0,99.96009905457599,0.2801262426920488,99.78623172368732,100.06635796637937,true
200,20.0,99.91588360339605,0.2824903043332938,99.73651087320354,100.01900117753684,true
200,20.0,99.92126472708465,0.26852280180241905,99.74934241344917,100.01786521525159,true
200,20.0,99.86212875771628,0.28044985090070895,99.68609793837953,99.96654778928024,false
200,20.0,99.86253800835533,0.26453445478631465,99.69869949167254,99.96323394645886,false
200,20.0,99.93213693885734,0.26680448528283307,99.76113619625124,100.02794068153408,true
200,20.0,100.49771936755117,0.26999539573718323,100.33094367078623,100.60093906652341,false
200,20.0,99.85348071467358,0.2604508281843749,99.6897279191881,99.95017874737248,false
200,20.0,99.89277078569327,0.2696488220031483,99.71920912756757,99.98885794957071,false
200,20.0,99.86581816941961,0.2599315741468189,99.70336547374806,99.96329704789488,false
200,20.0,100.3854720514689,0.27669705026301017,100.21261207209008,100.48930912235309,false
200,20.0,99.85405038702405,0.2701586982037867,99.68153001309068,99.95168871129447,false
200,20.0,99.96245530670865,0.2740655528616571,99.79086484806189,100.06493040092354,true
200,20.0,99.88977725672805,0.27329164370463843,99.71733444918735,99.99062609289199,false
200,20.0,100.18607024466154,0.28646834093324003,100.00540356279907,100.29187190373231,false
200,20.0,100.20457342277032,0.28075371249585146,100.02959239766699,100.31034611016284,false
200,20.0,100.02490415468013,0.2689965327767112,99.85337037953502,100.12236691231173,true
200,20.0,100.33383722610483,0.26345224638990317,100.17221540794952,100.43566765433943,false
200,20.0,99.82496429385833,0.27579132176398957,99.65037223645277,99.92616355821676,false
200,20.0,99.94403718979434,0.27443756702055566,99.77550352350353,100.04994109052409,true
200,20.0,100.11274586936437,0.2715540097117497,99.93367557237097,100.20522958208272,true
200,20.0,100.00059738064843,0.28961953241228855,99.81851230688012,100.10813183929241,true
200,20.0,100.02663172896645,0.26704605508196266,99.85544778308073,100.1224938381627,true
200,20.0,99.93271495154461,0.29001949001104776,99.74806167632457,100.03808116633562,true
200,20.0,100.19944698169395,0.2830006611893481,100.02505108952882,100.30805175071816,false
200,20.0,99.8252470627427,0.26985329592223195,99.66087187432437,99.9307251702466,false
200,20.0,99.88074733217402,0.2743663276564092,99.70675245744289,99.9811187850993,false
200,20.0,100.33517794213242,0.2820458041440048,100.15975153353521,100.44179733767922,false
200,20.0,100.06549145825637,0.2646844463460809,99.89511322553064,100.15979767187672,true
200,20.0,99.97206393884792,0.2782479383567136,99.79453893641376,100.07278687477047,true
200,20.0,100.54996607601178,0.27326664094151454,100.37613298080728,100.6493996217488,false
200,20.0,99.89915451538042,0.2508523239651481,99.74268646398079,99.99353878794594,false
200,20.0,100.07269341836644,0.2905524943983693,99.88750114052235,100.17805363492072,true
200,20.0,99.93631364303549,0.2806390115710258,99.75684333673641,100.03748234830744,true
200,20.0,99.82825415084845,0.2934829912569512,99.64672386053687,99.94020685179382,false
200,20.0,99.85623584961144,0.26916708507361875,99.68708172723156,99.95624881230518,false
200,20.0,100.69031866460578,0.26595751507748844,100.52738319218257,100.79334070726006,false
200,20.0,100.16402811619776,0.2670516159382288,99.99706753678927,100.2641191527275,true
200,20.0,99.98499688848675,0.2781188069921967,99.80927056338582,100.08738937037802,true
200,20.0,99.98132451168735,0.27983935029349993,99.8046784522721,100.0845178025656,true
200,20.0,99.83520141082684,0.28235637033843375,99.65877530716767,99.9411316775061,false
200,20.0,99.84775319917246,0.2811522453462487,99.67159665565666,99.9527489010029,false
200,20.0,99.94672196639655,0.26757679451978333,99.77857068091805,100.04614747543783,true
200,20.0,100.03611956778622,0.28094698131872065,99.85702244147431,100.13796942279303,true
200,20.0,99.89215191455001,0.2745199146596775,99.72153571711297,99.99605563177265,false
200,20.0,99.93861966223398,0.30650834605479815,99.74776950321426,100.05427784926906,true
200,20.0,99.97142595372873,0.263999191149054,99.80664528402434,100.0706444751734,true
200,20.0,99.91864616489542,0.2577800349906454,99.75792894513614,100.01570898012679,true
200,20.0,99.88269475378748,0.2708103269511781,99.71427487563349,99.98508520258467,false
200,20.0,100.31163164186913,0.2735359275642537,100.13909697658762,100.41263290415188,false
200,20.0,99.88958635413742,0.2691846111704024,99.72694485481017,99.99612946598057,false
200,20.0,100.17474329567362,0.2812309020748245,99.99883872187058,100.28006962394541,true
200,20.0,99.90640160584782,0.26886726586066345,99.74080240634456,100.00966967220522,true
200,20.0,99.94290946642008,0.2744295571562816,99.77131180882253,100.04574136597881,true
200,20.0,99.82547264079804,0.2874797106245808,99.64154093981412,99.9290206504387,false
200,20.0,100.20182774950602,0.2708904703642645,100.03589097807063,100.30678144843489,false
200,20.0,100.45571690810542,0.26362292082956174,100.28767618841627,100.55129910924583,false
200,20.0,99.85460730955938,0.2848786956748057,99.67273621189864,99.95761490757344,false
200,20.0,99.90033324137865,0.30490749731100664,99.71124576739862,100.01615326470963,true
200,20.0,99.92536329648678,0.28690857639703893,99.74117368567605,100.02808226207308,true
200,20.0,100.05231008107529,0.27792298360532186,99.88094703044169,100.15887001404701,true
200,20.0,100.74724544993735,0.26907143749332363,100.57817460329595,100.84724604078927,false
200,20.0,99.93347783341342,0.29046308285697364,99.74592543399329,100.03638851685027,true
200,20.0,100.01413918282964,0.26656114528458374,99.84862878621962,100.1151899315042,true
200,20.0,100.05441874777514,0.2694211654701064,99.88768869299352,100.15710985846363,true
200,20.0,99.9443607418211,0.2830822425469677,99.77254364007979,100.05562588262676,true
200,20.0,100.22757823295322,0.2732839469566528,100.05726224310476,100.33054619006141,false
200,20.0,100.08360411547649,0.2674996373668961,99.91640995089891,100.1839095882658,true
200,20.0,100.18767777071358,0.2809142895022205,100.01075583868916,100.29167012819138,false
200,20.0,99.9514013652336,0.2884319061764842,99.76777781291268,100.05620971908917,true
200,20.0,99.9383743305145,0.2687090454933667,99.76878491271692,100.03749395821029,true
200,20.0,99.87315022992533,0.2741124911438959,99.70158058500475,99.97569307614864,false
200,20.0,100.10181991384016,0.2777008550257847,99.92265878564565,100.20035964067144,true
200,20.0,100.01208123907202,0.29061712084134683,99.83285247887382,100.12346959971516,true
200,20.0,100.45929631788636,0.2919143562799462,100.27136132625951,100.56327568253946,false
200,20.0,99.89605401114099,0.27530501086171455,99.72251260713885,99.99781761800057,false
200,20.0,100.32514348900523,0.26866613366499337,100.15431521441357,100.42298134807857,false
200,20.0,99.88910052878101,0.26265979161254904,99.72282828230821,99.98548807392076,false
200,20.0,100.07184341743789,0.2820449460398464,99.89521845816265,100.17726340420249,true
200,20.0,99.86283611173658,0.2856217264668288,99.67864728179673,99.96426900826356,false
200,20.0,99.89155750788714,0.2889074251150987,99.71034720388103,99.99925462899613,false
200,20.0,99.88942838970097,0.2773499384167195,99.71562946898008,99.9929794073968,false
200,20.0,100.19645790674315,0.2856472588802461,100.01795041953346,100.30359767841371,false
200,20.0,99.84025707213794,0.27168722015728974,99.67060598427629,99.94229320443358,false
200,20.0,99.96032792157372,0.2674625489376723,99.78794896142804,100.05541151036572,true
200,20.0,100.23664366344892,0.29169917510053267,100.05099567080029,100.34269484590082,false
200,20.0,99.99711096561899,0.27504252705878685,99.82316745232694,100.09820997938573,true
200,20.0,99.83642032110646,0.2763540903296189,99.66147908718287,99.93783317751249,false
200,20.0,99.8421550430348,0.2790250843218587,99.66397403157328,99.94299911589513,false
200,20.0,100.04444224319778,0.28003063330534417,99.86875407597434,100.14878470927968,true
200,20.0,99.88765868359036,0.26787134596612816,99.72173644373056,99.98960778969669,false
200,20.0,100.21600885091561,0.2772544645810626,100.03962287669302,100.31687734127408,false
200,20.0,99.97431127694068,0.27650482673998056,99.80359485555674,100.08009968229672,true
200,20.0,100.02347628162867,0.2639637773517194,99.85692379773117,100.12088757508289,true
200,20.0,99.86906670586123,0.2780758448705285,99.69228533048307,99.9703611753536,false
200,20.0,99.94041144434493,0.30628948727981253,99.75053991364285,100.05682940092267,true
200,20.0,100.5534007194536,0.26781395709967626,100.38447284114145,100.65228679824112,false
200,20.0,100.13868437697566,0.2688495942127105,99.97237959313175,100.24122918734446,true
200,20.0,99.83233827698906,0.28477192940199814,99.64710057333902,99.93187250274102,false
200,20.0,99.84462590269966,0.26823344424947493,99.67909343098279,99.94732687523226,false
200,20.0,99.91031981567428,0.2466405504886211,99.7568276137255,100.00346816421413,true
200,20.0,99.94794115789077,0.2680195856931249,99.7838879506804,100.05190753637352,true
200,20.0,99.98440610702153,0.27159702871135494,99.8144974002971,100.08609442900845,true
200,20.0,100.49611200952657,0.2736040671380948,100.32203606658584,100.59564013372393,false
200,20.0,100.11905391210301,0.2797782192218534,99.94249133872512,100.22226955794697,true
200,20.0,100.21648462732875,0.2589042353033193,100.05495683177574,100.31386106707906,false
200,20.0,99.85423636427157,0.30655478610924547,99.66155297441557,99.96810776052482,false
200,20.0,100.1072872729524,0.27538174478337396,99.93405476480274,100.20943650958611,true
200,20.0,100.16217724136723,0.27554106795427913,99.99094074823117,100.26648181618545,true
200,20.0,99.83488456544816,0.27612218456472704,99.66026292050311,99.93638510506784,false
200,20.0,99.87558929780317,0.2632336479907451,99.70825817993244,99.97149182792319,false
200,20.0,99.84573274474829,0.2701374643086609,99.68017257244394,99.9503100367526,false
200,20.0,100.20309271436497,0.2806169332698829,100.02861654290749,100.30923347617737,false
200,20.0,100.01115410172164,0.2865231983045504,99.8337109734817,100.12023417178625,true
200,20.0,100.08246315488748,0.27247431459916527,99.91362953087486,100.18610384547402,true
200,20.0,99.82776791731567,0.2748620907682664,99.654006231388,99.92886832215626,false
200,20.0,99.85898174100164,0.28126127697531444,99.6800873541875,99.96134863116282,false
200,20.0,99.85360231536404,0.25177252508750314,99.69339199478316,99.94516451987066,false
200,20.0,99.88238213728636,0.2801395528982482,99.70658059737522,99.98672015027347,false
200,20.0,99.90403246051227,0.2738288117990777,99.73005037312367,100.00387918492275,true
200,20.0,100.49228119004235,0.27256623346146114,100.31612886077238,100.58869509423384,false
200,20.0,99.86165483947445,0.25424936706420453,99.70384421796496,99.95809358502916,false
200,20.0,100.32142637452242,0.2733078233530648,100.14607423389214,100.4193820572452,false
200,20.0,101.11004907334836,0.2637535958704831,100.94397849771684,101.20773209358732,false
200,20.0,100.25365811705794,0.26351686485025994,100.09030287616497,100.35381974101523,false
200,20.0,99.83386262063945,0.26388182060752285,99.67342468048304,99.93730650109056,false
200,20.0,100.54231450379227,0.2760902668488825,100.36887901090628,100.64496927775517,false
200,20.0,100.48187881806345,0.2787932451786048,100.30829501910168,100.58708826428028,false
200,20.0,100.05455973469242,0.28525465397731864,99.87477109795722,100.16002575193454,true
200,20.0,99.98311595052945,0.27390108425768744,99.80880337068004,100.08270445493773,true
200,20.0,99.91272998374023,0.28572638918659266,99.73352523827582,100.01925162746241,true
200,20.0,99.85749127708362,0.28353288084011297,99.6764605448085,99.95999342564862,false
200,20.0,99.95537842913988,0.28056258548117796,99.77666381590285,100.05722640138403,true
200,20.0,100.05523954297678,0.2655105767036048,99.88088568544721,100.14639626215082,true
200,20.0,99.87879537054981,0.2767858578005473,99.70812849600277,99.98491435380332,false
200,20.0,99.90162212360599,0.27283328328555,99.7301885960363,100.00302187932185,true
200,20.0,99.90706733772694,0.2844928711094923,99.72710049276789,100.01159336387738,true
200,20.0,99.86632790620416,0.2761390527219447,99.69518956398828,99.97132861671022,false
200,20.0,99.83971728324524,0.28695201972698214,99.655645804221,99.94259782394798,false
200,20.0,100.47169466017328,0.2724357157889301,100.30347870009004,100.57591441587897,false
200,20.0,100.13942935963284,0.2867607021695022,99.95858616602091,100.24534686819041,true
200,20.0,100.48432500750746,0.264592817987932,100.31857205031989,100.58316486830782,false
200,20.0,100.15035029528552,0.2833730681869753,99.9779408198213,100.26131388800827,true
200,20.0,100.664532526777,0.2687632660571353,100.49559735997522,100.76436062603236,false
200,20.0,99.8600661683325,0.27471342749728933,99.6853927311407,99.96010615863798,false
200,20.0,100.09633325896573,0.2703323211622717,99.92409716317417,100.19442948433644,true
200,20.0,100.12168585142985,0.2729205014352232,99.94848065657595,100.22140115801118,true
200,20.0,100.24246575041187,0.27434544310794706,100.0694401508659,100.34378559397385,false
200,20.0,99.92470445558152,0.28272976591686927,99.74498509395556,100.02771485987243,true
200,20.0,100.6263873721183,0.2698048697090485,100.45286571107482,100.72267058078387,false
200,20.0,100.07091128347983,0.2756364974869996,99.89669518036817,100.17233167785517,true
200,20.0,99.93344748958879,0.2897891710730818,99.75288945763307,100.04267862870616,true
200,20.0,99.8464586856553,0.2721340642792427,99.67813717381458,99.95027123809382,false
200,20.0,100.67402853671396,0.2724253247263846,100.49992798580901,100.7723533105354,false
200,20.0,100.926350014249,0.26462251278201165,100.75877664750656,101.02339916028858,false
200,20.0,100.02441327718356,0.27004005113103347,99.85727560763301,100.12731565876405,true
200,20.0,99.96990103431095,0.27269541945095455,99.79804303059332,100.07073845004427,true
200,20.0,99.9601103327262,0.27265195527448327,99.78993852291698,100.06259047819147,true
200,20.0,99.843802801043,0.29775682967617456,99.65849932281036,99.95625615248653,false
200,20.0,99.87331846819814,0.2689809057021364,99.70184994519865,99.97083085090078,false
200,20.0,99.99677077896334,0.26241512905151865,99.82672256566086,100.08913769471238,true
200,20.0,99.97891327129217,0.2860622575508813,99.79697178770753,100.08303404525842,true
200,20.0,100.13370962350838,0.27913602596441933,99.95609880639921,100.23523483236363,true
200,20.0,100.10363286085887,0.25747198345310096,99.93620350636519,100.19367548981829,true
200,20.0,100.00081502390427,0.2766417552167866,99.82917660770507,100.10581836292185,true
200,20.0,99.8973928943846,0.280954432652905,99.72307131002944,100.00402574268234,true
200,20.0,100.07067225313752,0.2749144258398388,99.89752149072713,100.17243591656697,true
200,20.0,99.82201222880948,0.28059092788524254,99.64793568952878,99.92852661741402,false
200,20.0,99.8454577362274,0.2663997945595469,99.67405554914849,99.94045534370804,false
200,20.0,100.3425319598052,0.29160251130163317,100.15703378084095,100.44863629214258,false
200,20.0,100.4510667475821,0.25838124244835114,100.28560258544128,100.54398382788963,false
200,20.0,99.90742489311458,0.265322227085079,99.73864453297739,100.00396676006247,true
200,20.0,99.90120713474009,0.2914301545429794,99.71315600723605,100.00458616177903,true
200,20.0,99.99658102113774,0.2742286776607301,99.82035169328725,100.09458037094798,true
200,20.0,99.98091274054426,0.27166381064651546,99.81000458715899,100.0816683978055,true
200,20.0,99.89243568103294,0.2770727846674106,99.71718356696391,99.99425635163132,false
200,20.0,100.07160868523553,0.26328801033132265,99.9099042292209,100.17319223955222,true
200,20.0,100.68014702988967,0.27091913487903696,100.50776654870141,100.77868568358045,false
200,20.0,99.87574870569824,0.27750020066598324,99.70505873344729,99.98255893411327,false
200,20.0,100.03799979376392,0.25833082211251224,99.8789878250526,100.13731864716512,true
200,20.0,100.05330954925039,0.26919873924911997,99.88130064740159,100.15049938665071,true
200,20.0,100.3718052936764,0.27119616463335205,100.1976465971659,100.46884276179925,false
200,20.0,100.05691166006774,0.2617510829483507,99.89298305516891,100.15473413811726,true
200,20.0,99.8990261559486,0.26220821694262497,99.73769423480934,99.99990245175196,false
200,20.0,99.98003268711904,0.27721917355049186,99.80311847815571,100.0803376517062,true
200,20.0,99.91570876508445,0.28125271685725295,99.7387114048264,100.01996412168366,true
200,20.0,100.38777729608832,0.2763246441708702,100.21589147006809,100.49221611423896,false
200,20.0,99.9685691976947,0.2689089797405302,99.79977242310264,100.06868140284317,true
200,20.0,99.99432569413595,0.27097090175018934,99.82275091501967,100.09372181676986,true
200,20.0,100.03926191808847,0.26755378844799793,99.86876115860287,100.13631494705086,true
200,20.0,99.82592338697017,0.2855956815522944,99.64798727239517,99.93358295394746,false
200,20.0,100.1315681532244,0.274595709220705,99.95715985404433,100.23175556326504,true
200,20.0,99.94711221046711,0.27740406270399376,99.7757797218559,100.05318378455989,true
200,20.0,99.9804365876396,0.2867766098494684,99.80246981225373,100.0892464221032,true
200,20.0,100.10167565047823,0.278788478409723,99.92498268860139,100.20377116701111,true
200,20.0,100.26270467475216,0.2702684666638504,100.09182031924334,100.36208878590719,false
200,20.0,99.94222242572198,0.2643052682270337,99.77712839881598,100.04143366704301,true
200,20.0,100.37388270378554,0.2521388077779676,100.21899228570949,100.47113109348746,false
200,20.0,99.84569088131734,0.2787943598185052,99.66631442134009,99.9451087811586,false
200,20.0,100.14275380477207,0.27766716017337956,99.96630371937762,100.243970879551,true
200,20.0,99.83464281266173,0.2821073542474579,99.65471351298592,99.93682086723338,false
200,20.0,100.18576215552982,0.2758564248314457,100.00981842619659,100.28567485102803,false
200,20.0,100.02690533445539,0.268032216754051,99.85735654338376,100.12538876013781,true
200,20.0,100.73674886895745,0.2832054527656993,100.55471135910324,100.83791681186894,false
200,20.0,100.09352535484174,0.28573384150327286,99.91384762448807,100.19958146599134,true
200,20.0,100.3327996269677,0.2713697769515022,100.16802904370226,100.43939882065376,false
200,20.0,100.1120917452003,0.2863054903750566,99.93176152703789,100.21806701741295,true
200,20.0,100.1151118077414,0.28226078946912025,99.93557038710516,100.21783117657428,true
200,20.0,99.93722326350806,0.27527724442840906,99.7617798768153,100.0370571212437,true
200,20.0,99.95885132497213,0.2696814323462604,99.78744356415483,100.05712499650109,true
200,20.0,99.87202625775276,0.2805684094924743,99.70023399524814,99.98080240474061,false
200,20.0,99.98500393365117,0.2870443557374074,99.80040024973555,100.08744460547295,true
200,20.0,100.11526733827677,0.2658968922766718,99.94800035733172,100.2138972496084,true
200,20.0,100.1589900897298,0.2697814310386235,99.99054179182316,100.26032322286179,true
200,20.0,99.83318473126276,0.2685810553314667,99.66580834241402,99.93438939774549,false
200,20.0,100.07722726540615,0.27655480317439185,99.90617699574332,100.18273179891771,true
200,20.0,99.88616784852528,0.28050108340930535,99.71221246898314,99.99271355239244,false
200,20.0,100.08002020304318,0.2822711476285207,99.9030464115014,100.18531755912993,true
200,20.0,100.3255743176309,0.2712626856863949,100.15993514267788,100.43119782836428,false
200,20.0,100.260376444013,0.2678815843997313,100.09282176253032,100.36070334693005,false
200,20.0,99.9623479342402,0.2773170027606966,99.78953718125516,100.06685418401585,true
200,20.0,99.86398434124942,0.27862109997364826,99.68405578278562,99.96267688275927,false
200,20.0,99.88533521861957,0.267743084902051,99.71624321948832,99.98398630439037,false
200,20.0,99.86000437550913,0.2598103559017346,99.69520469378564,99.95501504968738,false
200,20.0,99.85919415469198,0.2628702219601422,99.6943167556467,99.95718697760684,false
200,20.0,99.8644643566092,0.2727267672672724,99.69120856194209,99.96393532920936,false
200,20.0,99.90364740621355,0.27337517970580905,99.73488572876606,100.00826090847187,true
200,20.0,100.09435029618703,0.262702160502883,99.92621356472122,100.1889157252241,true
200,20.0,99.83976118455328,0.27831810049355,99.66634528005429,99.94466338054784,false
200,20.0,99.85380939017513,0.26533944615677285,99.69015972609442,99.9554991722512,false
200,20.0,100.14801090216932,0.2952749503116223,99.96521252997547,100.2604874802871,true
200,20.0,100.53923416328121,0.2675589871185764,100.36858930539064,100.63614829250922,false
200,20.0,99.90985346463823,0.2780101829955157,99.73239337069985,100.01040355369537,true
200,20.0,100.5010244680302,0.26865454189116633,100.3320621423373,100.60071668422847,false
200,20.0,99.94901391186633,0.25129976334181947,99.79533498234518,100.046634745687,true
200,20.0,100.05217705453215,0.2806080024666926,99.87797251910925,100.15858052157594,true
200,20.0,100.36196425141009,0.28228160372815125,100.18170242741904,100.46398403114719,false
200,20.0,99.8865757794907,0.28220073392255074,99.71141353278894,99.99361426671149,false
200,20.0,99.85310225663613,0.2735845328995765,99.68097941293686,99.95456394583644,false
200,20.0,100.96170714760692,0.27289248808823174,100.79158377608354,101.06447626417177,false
200,20.0,99.9650407905448,0.26873039547567146,99.79566926787484,100.06439966335051,true
200,20.0,100.37012781113332,0.2695481762973344,100.19080325864577,100.4603514349431,false
200,20.0,99.93496020106923,0.2706382372740279,99.76552316118288,100.03616139845691,true
200,20.0,100.23615216234028,0.2756473688866663,100.05932158871857,100.33496895760524,false
200,20.0,99.90954868338949,0.27821214787269355,99.73377816805458,100.01199031592728,true
200,20.0,99.8443507926913,0.2735302248227498,99.67243518506763,99.94596540989038,false
200,20.0,99.89744695857546,0.28034395486950814,99.72016934300127,100.00051329787078,true
200,20.0,100.01977437527715,0.27045727721798585,99.85372519980076,100.12418247701875,true
200,20.0,99.86743010602316,0.2761128773563968,99.69094008991596,99.96705296727235,false
200,20.0,99.97828868830224,0.2823115815207018,99.7988268611208,100.0811384426415,true
200,20.0,100.10038047342944,0.28881099529800736,99.92328839939012,100.21209939468812,true
200,20.0,99.93802978671545,0.28375488927346737,99.75753533020661,100.04129021948008,true
200,20.0,100.52184435225334,0.2716838264728949,100.35253779146818,100.62422161794107,false
200,20.0,99.87756646440087,0.3036738673675643,99.68064338410265,99.98431725147022,false
200,20.0,100.24399828480442,0.27386204110543133,100.07069852441326,100.34456056551869,false
200,20.0,100.07914768158248,0.26379282689015326,99.91851907217135,100.1823118990615,true
200,20.0,100.00417550913126,0.2831201777345598,99.82856211683924,100.1116822945738,true
200,20.0,99.92063308948072,0.2764372835866453,99.74356369900785,100.0200009825945,true
200,20.0,99.87967071836303,0.27447478056016905,99.70862378427762,99.98309856483779,false
200,20.0,99.87743068370335,0.2755295458634919,99.70529143226209,99.98082097812558,false
200,20.0,100.13534132512238,0.28317890858468786,99.9571623570676,100.24034126565229,true
200,20.0,100.35185834046169,0.27286724289672293,100.18119484226494,100.45406208516167,false
200,20.0,99.84541937039539,0.29966309518773926,99.65836537813573,99.95802847332347,false
200,20.0,100.25516966993204,0.2649111635065253,100.08361602924245,100.34852719274897,false
200,20.0,100.2250782201798,0.27436654864789034,100.04960018245865,100.32396673110654,false
200,20.0,99.86447607120837,0.2808014749455907,99.68489505659078,99.96569653153637,false
200,20.0,100.05132574268768,0.2664174726369879,99.88571376450615,100.15213123714314,true
200,20.0,100.10552421066689,0.29868027148887677,99.91693700670632,100.2156172781952,true
200,20.0,99.83364380009127,0.2660594142215871,99.6675587370085,99.93361815123009,false
200,20.0,99.85389174813557,0.27566800730410534,99.68085815036075,99.95652615766485,false
200,20.0,100.67608740420921,0.2704378986545919,100.50607633955133,100.77651423820592,false
200,20.0,100.09723888140354,0.2772877693053175,99.92275134684462,100.20003911614994,true
200,20.0,99.88480655755168,0.27267782922118045,99.71309687124779,99.98577470046897,false
200,20.0,99.987148287536,0.2878442693260155,99.80468420245549,100.0925284717815,true
200,20.0,100.1921279080817,0.25600708988562815,100.03411797134271,100.29012506122834,false
200,20.0,99.88833637393017,0.27689863159066874,99.71456354902121,99.99146218061188,false
200,20.0,100.03841027639254,0.28510559768146493,99.85357291840845,100.13867851608991,true
200,20.0,99.92240661984933,0.2644601330813714,99.75841853017675,100.02287866325813,true
200,20.0,100.20573610366891,0.2815797651145431,100.02244216884824,100.30402193396279,false
200,20.0,99.91953898326102,0.2640425548552088,99.75341547552313,100.01745803037834,true
200,20.0,99.83102270756544,0.27636535587338074,99.65525204660977,99.93161740248316,false
200,20.0,99.86087865537826,0.27383218553278255,99.69052428218595,99.96435646771873,false
200,20.0,99.99839913418444,0.26573451880700816,99.83254737904029,100.0982818978473,true
200,20.0,99.99960657966366,0.27472427880383066,99.82324529764455,100.09796957644838,true
200,20.0,99.97159386623903,0.2684770218097867,99.79865183035388,100.06712885216366,true
200,20.0,100.03390569761363,0.2753237959689585,99.86183521910591,100.13715901507487,true
200,20.0,99.9921640873084,0.2837788006303157,99.80924064561,100.09301944624032,true
200,20.0,100.10439310816778,0.27663403720445956,99.93096042704646,100.20759446425092,true
200,20.0,99.88725893532222,0.2707144904461245,99.71837707766676,99.98909156811288,false
200,20.0,100.58919226322288,0.25790659616191647,100.43196335638514,100.68986995254706,false
200,20.0,99.89078141901263,0.28014348938819467,99.70840882156516,99.98855231095335,false
200,20.0,99.86533684281034,0.28284794212652287,99.69092934756642,99.97377728969295,false
200,20.0,99.8399637980441,0.2572153569081337,99.67989395058783,99.93710930749596,false
200,20.0,100.51311944180964,0.2685545560497644,100.3451440173589,100.61369857340867,false
200,20.0,100.01120151960913,0.2784279821362077,99.83300301205696,100.11143099419317,true
200,20.0,99.9703991364689,0.27353346581271865,99.79655726235242,100.07009072816514,true
200,20.0,99.92374501252823,0.2773685463976534,99.74275637628554,100.0201249226832,true
200,20.0,99.83262320095349,0.27052865759017664,99.66164041503012,99.9321690726203,false
200,20.0,100.23754070363475,0.27190223382035583,100.06219652372754,100.33409875754789,false
200,20.0,100.04576229096907,0.286103915723146,99.8685818056502,100.15468572137334,true
200,20.0,99.95073488891651,0.26166477663188914,99.78740761650873,100.04907239314062,true
200,20.0,99.92325418142647,0.3020445696249112,99.73175577288524,100.03380034251015,true
200,20.0,99.91020172170164,0.26640483186272945,99.74646542953008,100.0128702613928,true
200,20.0,99.9611676699142,0.2933244755774922,99.7774280767745,100.07075255235199,true
200,20.0,99.95647898333502,0.29010801306002065,99.77636809265553,100.06647610571555,true
200,20.0,99.87179180876532,0.2737693610030618,99.69693947584543,99.97070883684849,false
200,20.0,100.31331120859156,0.28101398336059447,100.1367574851272,100.4177714684878,false
200,20.0,100.0492551268683,0.28920465134635265,99.86654252725285,100.1557471785992,true
200,20.0,99.88528065288875,0.26335022144508,99.71807875572715,99.98142897717223,false
200,20.0,99.90928943143614,0.2849513485994777,99.7323771824109,100.01732853101038,true
200,20.0,100.02843878888112,0.26805620595207813,99.86151727853803,100.12957348449011,true
200,20.0,100.11374744128938,0.2723023232475583,99.93864638440017,100.21094870764773,true
200,20.0,100.55396491915027,0.2840291937561972,100.36792549686555,100.65195469062175,false
200,20.0,99.86706634971006,0.27470274589592236,99.69736817289166,99.97207091878758,false
200,20.0,100.01513360395526,0.2812270269172785,99.83451130104122,100.1157383279585,true
200,20.0,99.86958822806271,0.2810312146015974,99.69491153649196,99.97594275109356,false
200,20.0,100.11764057544455,0.2765432875258824,99.93979929798715,100.21634258551303,true
200,20.0,99.84856920284122,0.2678648665466028,99.67919094335879,99.9470558099054,false
200,20.0,99.95368699709871,0.27153405766279093,99.77882742416662,100.05036148182941,true
200,20.0,99.92480525976046,0.27906157871127846,99.74834896968365,100.02741054839493,true
200,20.0,99.89723252140325,0.2895750386505398,99.71102579965195,100.00060083830249,true
200,20.0,99.99813547182208,0.25667688931736166,99.83928888305617,100.09596577237353,true
200,20.0,100.01441921853608,0.26964059764712545,99.8465365532446,100.11617715089173,true
200,20.0,99.97617300794556,0.2740648337739202,99.80162865277764,100.07569348655156,true
200,20.0,99.84383622523222,0.2818858580985051,99.66415010463662,99.94603596273512,false
200,20.0,100.04087898415706,0.27971297964234054,99.8695931094419,100.14930608908423,true
200,20.0,99.85694526691951,0.26994563734949395,99.68536524544001,99.9553108827895,false
200,20.0,99.88356213933642,0.2702544820830468,99.7178152568814,99.98806973896444,false
200,20.0,99.87755055795282,0.2891536052646586,99.69701283722591,99.98616644249057,false
200,20.0,100.01961741055902,0.2747277504847574,99.84698080735168,100.12170855783644,true
200,20.0,100.24617985647755,0.2860607028312643,100.06195971540825,100.34802041823951,false
200,20.0,100.24713588346228,0.2920860166215675,100.06399601163163,100.3560820282532,false
200,20.0,99.83494384491397,0.28654725324078356,99.65589607766003,99.94244333090082,false
200,20.0,99.85284714933512,0.2793922187053539,99.67507521235372,99.95446743105907,false
200,20.0,100.37700490487327,0.2741028142756221,100.20111322612513,100.47521604040075,false
200,20.0,100.36871910894968,0.2686222578757196,100.20058473557286,100.46920699344858,false
200,20.0,100.11935960368922,0.26267879229980906,99.95710646900052,100.21978526130033,true
200,20.0,99.82949303682202,0.29092669726152565,99.64432659885686,99.93525329611839,false
200,20.0,99.87957799207149,0.27316410259190604,99.70688287412135,99.98004697671325,false
200,20.0,100.16218026237743,0.2693038529488234,99.99494915824191,100.26425301119073,true
200,20.0,99.88087216719371,0.27218426521213246,99.71469036360298,99.98687462881512,false
200,20.0,100.4994679136986,0.2957947894615245,100.30790374061232,100.60369853007384,false
200,20.0,99.99978047515498,0.29321148684041987,99.81478795330727,100.1079994401477,true
200,20.0,99.9459784473645,0.2665135317173082,99.7765223350021,100.0430358667194,true
200,20.0,100.30559150397073,0.2688863012374014,100.13542358908597,100.40430989032338,false
200,20.0,99.82573175036863,0.2802160108243328,99.65373705882962,99.93395306965395,false
200,20.0,99.86919029557876,0.25548358237794844,99.71026957129014,99.96575315366809,false
200,20.0,99.94634325049832,0.29075010400759993,99.76526099108827,100.05601109509587,true
200,20.0,99.87770358747272,0.2909347183547766,99.69645559100852,99.98739030936329,false
200,20.0,99.96248174316165,0.2775218167681288,99.78658344328291,100.06410526005104,true
200,20.0,100.18708535698448,0.289004872526732,100.00379585512285,100.29280072764958,false
200,20.0,99.8844086723132,0.27473026497168007,99.71017692947797,99.98490719444965,false
200,20.0,100.36570331984004,0.2723929747088789,100.19196905548804,100.46436203019692,false
200,20.0,100.03323531216977,0.28405464107147793,99.85795445073329,100.14200909180477,true
200,20.0,100.39666645926202,0.2776517059109409,100.22204270037106,100.499694406282,false
200,20.0,99.9302624794353,0.27423368245844415,99.75869115447775,100.03292483693619,true
200,20.0,100.0691209290201,0.2799686137127395,99.89033497061408,100.17030358432682,true
200,20.0,99.85806932850963,0.272116862676441,99.68344346393047,99.95556032660691,false
200,20.0,99.91302813894711,0.2607244614786879,99.74716314508585,100.00788760656454,true
200,20.0,99.91793794367467,0.3030105154526552,99.72682352697956,100.02983404243221,true
200,20.0,100.29032569469999,0.2703497670078434,100.11825036618508,100.38860013319292,false
200,20.0,100.17901464537323,0.2714923179816964,100.0086762607156,100.2801685786973,false
200,20.0,100.21704075668885,0.26491414862761076,100.04929734686077,100.31421149548838,false
200,20.0,100.18786012964095,0.26946590316786967,100.01620923950048,100.28567514266835,false
200,20.0,100.09908348563314,0.251876811730952,99.94276973829017,100.19464655002112,true
200,20.0,100.00190028634019,0.2851138435957523,99.82278516459962,100.10789900819537,true
200,20.0,100.38281950278882,0.25905250805342916,100.22559148966717,100.4846439977206,false
200,20.0,100.09584466897871,0.27564086083944517,99.9179886902252,100.19362955106465,true
200,20.0,100.83720281171144,0.2627017864852519,100.66939971514108,100.93210150162633,false
200,20.0,99.82883572103219,0.2787681888139133,99.65297253446883,99.93174072328274,false
200,20.0,99.88196945846275,0.28750214516436756,99.69880137727725,99.98630352244162,false
200,20.0,99.87582884459,0.29161904975728703,99.68937988127895,99.98099893103624,false
200,20.0,100.6165861359672,0.2794722270050869,100.43908975503899,100.71856198204408,false
200,20.0,99.83782871288261,0.2771791742486869,99.66303388141044,99.94021305565913,false
200,20.0,100.139952754695,0.26991232219650385,99.96837527354238,100.23828759573888,true
200,20.0,100.29471248597181,0.2787174738452336,100.11696775461425,100.39568522845948,false
200,20.0,99.99385860774,0.2907870735297564,99.8127987489304,100.10358582246016,true
200,20.0,99.89252944928953,0.2890627472542633,99.71184307703852,100.00090582429279,true
200,20.0,99.88801430678993,0.2676957327223164,99.7177029058408,99.98539863856311,false
200,20.0,99.93625714485994,0.2748429283863487,99.76627442222423,100.04111735061058,true
200,20.0,99.93025191903644,0.2864386448244147,99.74867955605251,100.03511820087692,true
200,20.0,100.723519531728,0.2810100722130784,100.5485727360316,100.82958280824468,false
200,20.0,100.20029252536347,0.2779071890856244,100.02340228987931,100.30130947896494,false
200,20.0,99.8607616739859,0.28092190882189527,99.6841060588149,99.9650279676368,false
200,20.0,99.93027758359287,0.29215065829387754,99.74482209208722,100.0369727503811,true
200,20.0,100.04403708032966,0.2856289981360618,99.8662569304139,100.15188592854996,true
200,20.0,100.03416975609024,0.28132824913758725,99.85631892325809,100.13764717239567,true
200,20.0,100.2981427687362,0.29050593015136883,100.11351136888892,100.40401729904029,false
200,20.0,100.15527866303368,0.258052767608703,99.99604114469187,100.25409391230058,true
200,20.0,100.21564873082602,0.28570502052012614,100.03329609023099,100.31900111075112,false
200,20.0,100.07262957789455,0.27697888930293857,99.89063693995308,100.16761582925602,true
200,20.0,99.88009803129205,0.2663038544606309,99.71325529112066,99.97955914558129,false
200,20.0,100.3986246108324,0.26490275988844303,100.23094704665732,100.49584980654576,false
200,20.0,100.19750445184637,0.2734634101913258,100.02394156649756,100.29740497668888,false
200,20.0,99.90766102333407,0.2766831108383343,99.73342693612845,100.01011004696679,true
200,20.0,100.01084206493223,0.28126223548945006,99.82959357678136,100.11085581227081,true
200,20.0,99.85266940760111,0.29996893879625475,99.66613750171297,99.96610644050922,false
200,20.0,100.01823404903465,0.2700874372940234,99.84667761486716,100.11676505216118,true
200,20.0,99.83031381671142,0.28129956376203324,99.65485609576933,99.93615565953137,false
200,20.0,100.2372097886949,0.27131884838723863,100.0645028110253,100.33582165941255,false
200,20.0,99.85504021930919,0.29712177305276555,99.67407875928103,99.9712005323338,false
200,20.0,99.83375049790416,0.27206704568342843,99.66217617245437,99.9342432181378,false
200,20.0,99.86645151319664,0.2837425694639961,99.68345420253357,99.96719677199756,false
200,20.0,100.01749814359668,0.2917331324133272,99.82765212406836,100.11938525648169,true
200,20.0,99.88244359982063,0.26588589289032427,99.71261150713055,99.97849740002087,false
200,20.0,100.5524623136456,0.2845254839114659,100.37539641871888,100.65992190263034,false
200,20.0,100.03713993733362,0.28236709636215096,99.85478389192768,100.13715098828983,true
200,20.0,100.1414600761571,0.2544284388337843,99.98167458347514,100.23610302230892,true
200,20.0,99.86981994081087,0.2595393060803133,99.71048022906567,99.97001953514598,false
200,20.0,100.03547887277509,0.27399575917364416,99.86247403737053,100.13646979654418,true
200,20.0,100.08653421802211,0.270104172387164,99.91889996759076,100.18900413997792,true
200,20.0,100.1455233894643,0.2667121226875224,99.97278881763424,100.23950094032176,true
200,20.0,100.12605064477506,0.28433423658408685,99.94671172292098,100.23104595950507,true
200,20.0,100.21034415107677,0.254085054576791,100.04959143601508,100.30367649059187,false
200,20.0,99.88240988357327,0.280317864715542,99.7037204709094,99.98403833562494,false
200,20.0,100.05816849628121,0.27204985392312153,99.88434091017831,100.15639076410143,true
200,20.0,100.01255329517022,0.2715311524607671,99.84269903095735,100.11423018341812,true
200,20.0,100.1615743711931,0.26143894128016143,99.99460940224634,100.2560483435265,true
200,20.0,99.92753282001823,0.26425027027993053,99.75866556674451,100.02291583702444,true
200,20.0,100.48062713855904,0.2740541249248736,100.3077028707456,100.58175699567047,false
200,20.0,99.91390316454535,0.25754519482318017,99.74608358419486,100.00362877901804,true
200,20.0,99.99556252965309,0.2865063261312457,99.81269285472928,100.09919918086052,true
200,20.0,99.90009983451662,0.2831066942168121,99.72184224806406,100.00494894228088,true
200,20.0,100.11366753475204,0.26001805758791363,99.95123212890726,100.21125018649518,true
200,20.0,100.3949594812517,0.2705611184278638,100.22808923784902,100.49865035627688,false
200,20.0,99.86452816858795,0.2687832986240011,99.69680174473679,99.96558504336079,false
200,20.0,100.01802008255447,0.2705951296339606,99.85106149900024,100.1216566286342,true
200,20.0,99.93680473129524,0.28275799278831926,99.75190009448063,100.03465808726895,true
200,20.0,99.9460670707393,0.28341053239222447,99.76970249348632,100.05311302587855,true
200,20.0,99.95871919516611,0.25818440617597105,99.7964796431095,100.05466404928548,true
200,20.0,99.97817606464409,0.2667388857708062,99.80284106994772,100.06957995571852,true
200,20.0,99.89697437003022,0.27562556330639154,99.7237645067149,99.99939007002129,false
200,20.0,100.01170991313342,0.2746470964532364,99.83882356065136,100.1134706571046,true
200,20.0,100.11896501704268,0.28318296854949665,99.9388155247384,100.2219984932879,true
200,20.0,100.23982514277972,0.27202081718267834,100.06922315603549,100.34124397321817,false
200,20.0,99.89413246642914,0.28263965176994077,99.7155604737125,99.99820012548244,false
200,20.0,99.82768511373541,0.29445386290555575,99.64084945940391,99.93530332230947,false
200,20.0,100.185105484011,0.26998884027979386,100.01552029301284,100.28550913329263,false
200,20.0,100.15748913382005,0.288634308767584,99.97366894259893,100.26230325136652,true
200,20.0,100.18242736483012,0.25544958274613805,100.0214858139673,100.27693539671344,false
200,20.0,100.10726166695848,0.2987896823725862,99.92163397841865,100.22042366079124,true
200,20.0,99.88653913908345,0.2746208115862885,99.71117561463379,99.98579642622008,false
200,20.0,99.85365081144124,0.29131815636357317,99.66999074555432,99.96130890191789,false
200,20.0,100.06820044168911,0.2789324326908087,99.89450572931362,100.17343816200443,true
200,20.0,99.94136206916363,0.2781010507102337,99.76247854448246,100.0405795951927,true
200,20.0,99.8290295998579,0.2902275630478215,99.64169794818801,99.93192551123583,false
200,20.0,100.03155791562713,0.2592114537182084,99.86985589105693,100.12906734477514,true
200,20.0,99.86760486437632,0.2672216808249033,99.70370583486597,99.97092751569087,false
200,20.0,99.97618561081106,0.275817927925857,99.80035565265047,100.07617358057632,true
200,20.0,100.02700652452296,0.2859997725485215,99.8448984614945,100.13089823404302,true
200,20.0,100.24875971874266,0.2773727446376597,100.076846693208,100.35421943784566,false
200,20.0,100.36760003580514,0.2803553969389867,100.19418798280307,100.47454337974206,false
200,20.0,99.83856246416401,0.28053316013061647,99.66763228520661,99.94816544533722,false
200,20.0,99.88798798127928,0.2864276326662605,99.70536187488136,99.99178950754762,false
200,20.0,100.40023377793365,0.2679476656125388,100.23283762152218,100.50078528713472,false
200,20.0,100.10972933280931,0.298516591509582,99.91960504708146,100.21812163859104,true
200,20.0,100.22945344768546,0.2719238593901423,100.05454813143743,100.32647199082757,false
200,20.0,100.26858754551463,0.2681871397999771,100.10620563819283,100.37439277799281,false
200,20.0,99.9303123271991,0.2628547393429983,99.76914520267482,100.03199994201782,true
200,20.0,99.88800189753545,0.27793427272102633,99.71102181185174,99.98895608457276,false
200,20.0,99.9420456877169,0.27140256955891573,99.76790154586124,100.03930411542015,true
200,20.0,100.020615792122,0.28183803233952176,99.84188804445671,100.12372607679623,true
200,20.0,100.1787719533229,0.26756986129953475,100.01024459470679,100.27781445600633,false
200,20.0,99.8961371262771,0.29363555266344576,99.7087389319518,100.00237448461525,true
200,20.0,99.85893583351334,0.27725281329510665,99.68190923726324,99.95916205055835,false
200,20.0,100.38078305613004,0.2808694257595761,100.19947445775611,100.48034388351569,false
200,20.0,99.89811846989863,0.2755171523768212,99.72596597358678,100.0014831259636,true
200,20.0,99.88025619559002,0.2727771376519996,99.70878708276595,99.98156422041795,false
200,20.0,100.18785627136765,0.2520111195666459,100.02808313098488,100.28009425055153,false
200,20.0,100.22423339471693,0.2637235093283863,100.0555185702576,100.31924207958599,false
200,20.0,99.97838773901913,0.28823799010788775,99.79629664826598,100.08453463837387,true
200,20.0,100.1860090089265,0.2901907473789578,100.0054714533954,100.29566220077436,false
200,20.0,99.91632029469574,0.2604799687209294,99.74665232358727,100.0071322923082,true
200,20.0,99.93242502159038,0.28346798148989194,99.7485371637976,100.03200514528748,true
200,20.0,100.60406613377187,0.2752292128894709,100.43420857626134,100.70943778915081,false
200,20.0,99.82740604463677,0.28915075360103515,99.64149886415773,99.93064961775876,false
200,20.0,100.09262433470803,0.28522523154167345,99.9103846812173,100.19560991275897,true
200,20.0,100.40289797557836,0.2750426236700747,100.2250079069513,100.50005053062138,false
200,20.0,99.88945732573815,0.27472643631116966,99.71457464737011,99.98930108368128,false
200,20.0,99.86219899881732,0.26410569802310135,99.69392746689991,99.95803316492301,false
200,20.0,99.92236811500703,0.26788679651106406,99.75394311966721,100.02182991617828,true
200,20.0,100.54169724904838,0.28788846555535486,100.36017907265902,100.64806753821438,false
200,20.0,100.33501570657994,0.2518637168865183,100.17977426041874,100.43163797730526,false
200,20.0,100.05818041030008,0.2717779470990678,99.88903792685022,100.16081587394929,true
200,20.0,101.02714408012494,0.2754007319552869,100.8476970727604,101.12309780471568,false
200,20.0,100.09747838420628,0.26505408586950807,99.92948955481484,100.19454364068434,true
200,20.0,99.98480290942165,0.28655120809970924,99.80232705344572,100.08887826154543,true
200,20.0,99.84763229476083,0.2799214075939318,99.66985137443753,99.94977278203146,false
200,20.0,101.03073244771034,0.2665387668296404,100.85914017116106,101.1256789379907,false
200,20.0,100.36085569036861,0.2742800841664774,100.18708122442835,100.46136130859483,false
200,20.0,100.18529099193276,0.27846695846227476,100.0123196978462,100.29078665630847,false
200,20.0,100.75257934402649,0.2685277449955805,100.5814967017487,100.85002444674429,false
200,20.0,100.18981376424537,0.3008234252869926,100.00025788985408,100.30108131514108,false
200,20.0,99.83712593763977,0.2757678591696475,99.66715074600937,99.94291860517902,false
200,20.0,99.93974341111257,0.26890271736348836,99.7738558324734,100.04275854983689,true
200,20.0,99.93094774582646,0.2818394583852921,99.74918062641152,100.03102008479681,true
200,20.0,100.019462493749,0.26469384043062405,99.85073962450977,100.1154334649404,true
200,20.0,100.14825783785709,0.277682890062664,99.97575240219584,100.2534352922585,true
200,20.0,100.69173567286646,0.27540061509075997,100.52326012018669,100.79866073527745,false
200,20.0,100.02927222186527,0.26909029537297613,99.86019026577507,100.12928056114805,true
200,20.0,99.8538522508708,0.2751573366047211,99.67872547445901,99.95388281106374,false
200,20.0,99.8695362511836,0.27481869702388906,99.6925389841172,99.9673576811411,false
200,20.0,99.94475026228866,0.27381182424235817,99.77417271693557,100.04798454117793,true
200,20.0,99.83474673023872,0.2767486717867058,99.65918714553105,99.93593581731776,false
200,20.0,100.04916174102007,0.27854986579889385,99.87396434478467,100.15251421058356,true
200,20.0,100.16453525338301,0.26715539804854416,99.99688856881815,100.2640439668667,true
200,20.0,99.82767310131192,0.2725880665040279,99.65513525513956,99.92772332164358,false
200,20.0,100.10623885687005,0.2698070333882612,99.94063131301812,100.21043834640638,true
200,20.0,99.94692780324937,0.27603554075169257,99.77457369558644,100.05060923633813,true
200,20.0,100.24355842529397,0.27559842221279496,100.07055844198054,100.34615686419333,false
200,20.0,99.91367215722347,0.2600625540635946,99.74829716292516,100.00835971698875,true
200,20.0,99.85616124885104,0.2645535413747524,99.68099851483848,99.94555205621323,false
200,20.0,99.92738493967937,0.2710979586277915,99.75808947139308,100.02918743002087,true
200,20.0,99.98721077228952,0.28482152875893973,99.80108979220896,100.0859113209679,true
200,20.0,100.08098625920053,0.2626033847077167,99.91522028351682,100.17782366822453,true
200,20.0,100.43252339688368,0.27558226704388744,100.25794550335522,100.5335277703991,false
200,20.0,99.96235843196354,0.2887307419374139,99.7803871745093,100.06911791644671,true
200,20.0,100.28754485533317,0.26801362190711586,100.11349035784306,100.38150397975018,false
200,20.0,99.90326335305264,0.28074488021802324,99.72480600847081,100.00555088868883,true
200,20.0,100.03253616695162,0.2727853911316629,99.86053940626277,100.13332479739444,true
200,20.0,99.99547892794152,0.2740532728213054,99.8239362589988,100.0979895318201,true
200,20.0,99.98140563442708,0.2897992542946213,99.79883022523276,100.08862947952738,true
200,20.0,99.90379333677934,0.26604747075322166,99.74220977703973,100.00825724779295,true
200,20.0,99.92206874188577,0.2829227299982193,99.74112741727699,100.0240501472752,true
200,20.0,100.02157431509853,0.2662015406767182,99.8569505071492,100.12315204782591,true
200,20.0,100.13847276653837,0.2595117274922245,99.97306064584596,100.23257237333819,true
200,20.0,100.07122340442442,0.26168740239501176,99.90708451010192,100.16877191249694,true
200,20.0,99.97258372712633,0.2836062534853028,99.79541230172305,100.07901855520835,true
200,20.0,100.80457604254143,0.2798165602201266,100.62757309502754,100.90738965524767,false
200,20.0,100.29352012939654,0.2878414443424191,100.10832160010195,100.39616304444436,false
200,20.0,99.84445333027011,0.2722996134513096,99.67199742503752,99.94429703848883,false
200,20.0,100.10052617949455,0.2810462311455524,99.92331339538114,100.2043596265267,true
200,20.0,100.15532608385321,0.27608420249151777,99.9818516465103,100.25793584900181,true
200,20.0,99.89732895372161,0.2489612088628661,99.74103138492143,99.9899925937843,false
200,20.0,99.94854060564518,0.26017664884206226,99.77967060281681,100.03984725165887,true
200,20.0,99.86429622369421,0.2718418370334206,99.69234397802249,99.96418581505591,false
200,20.0,99.87082661355325,0.27388378535614777,99.69983281700043,99.97371660235657,false
200,20.0,99.81592881861519,0.28755806536253203,99.63719644713902,99.92475451250155,false
200,20.0,100.65230298836963,0.2739577889281719,100.4787727841728,100.75273057310098,false
200,20.0,99.83690616529519,0.2832918027619371,99.66020495841462,99.94349676117656,false
200,20.0,100.42386362493636,0.2697593904542259,100.25201588913106,100.52177527958528,false
200,20.0,99.87715381549344,0.2901922530477492,99.69123236238983,99.98142461543758,false
200,20.0,99.8480362825193,0.27323447490340413,99.67448515064086,99.94771962554427,false
200,20.0,99.90030644175002,0.2584990875668325,99.73996529847778,99.99846438604462,false
200,20.0,100.14590994025993,0.27318580624701383,99.9717040492517,100.24488985549871,true
200,20.0,99.87337909169048,0.27166980292825826,99.69815064521244,99.9698204481407,false
200,20.0,100.24874106450342,0.2829084328292737,100.07490113917694,100.35780957200622,false
200,20.0,101.22249073874265,0.25619822109335644,101.06100873619818,101.31720695729153,false
200,20.0,99.9744855276798,0.27152318069622083,99.80291348819554,100.07443666889176,true
200,20.0,100.23157295353985,0.27981368033374565,100.0520745749874,100.33188825532115,false
200,20.0,99.96063611425183,0.2746793771385114,99.7851845923856,100.05986396952412,true
200,20.0,99.92210707086768,0.26809004521672364,99.75418484327179,100.02227488848851,true
200,20.0,100.10954723224637,0.2733608780973782,99.93835358675159,100.21171446484897,true
200,20.0,99.97729901796775,0.2912709644355118,99.79811117650195,100.08938214093746,true
200,20.0,99.94504026247478,0.2853848352187356,99.76373287378951,100.04911770900824,true
200,20.0,100.01059503759708,0.27858723131002705,99.83497957032978,100.1135668016398,true
200,20.0,100.28383332759967,0.2837180703940305,100.10786995323241,100.39158802362644,false
200,20.0,100.39904965474224,0.26399928874313616,100.22932769820036,100.4933269869435,false
200,20.0,100.13489062508715,0.26790755993565085,99.9685577606675,100.23646532060314,true
200,20.0,99.82858964534161,0.26259890203887437,99.66754245553841,99.93014135757728,false
200,20.0,99.83419320996063,0.2731470638723721,99.66298349582677,99.93613055969914,false
200,20.0,100.64453509086515,0.2615367906270478,100.48230333083804,100.74384012146508,false
200,20.0,99.8592935804003,0.27958378256106187,99.68125274604594,99.960836528607,false
200,20.0,100.48639509698069,0.2687030761983351,100.32315747050994,100.59186054670828,false
200,20.0,99.85745867891565,0.2751297412036422,99.6830182225992,99.95814796380284,false
200,20.0,99.93065414861833,0.2700086552050607,99.75964339685925,100.0296520520643,true
200,20.0,99.89581136562717,0.25188199936623334,99.7395913442141,99.99147334358034,false
200,20.0,99.84988486744233,0.26828692868912185,99.67801549268985,99.94630242137897,false
200,20.0,99.93161139981117,0.28405215406804984,99.74749513861846,100.03154729268651,true
200,20.0,99.88365318748096,0.2758891581303544,99.70770697864265,99.983596136773,false
200,20.0,100.42715508808821,0.28746571251996045,100.25091260717858,100.53837831969854,false
200,20.0,99.83479559439031,0.29200793980756146,99.65028704220367,99.94229498201123,false
200,20.0,99.99020999842764,0.2869725585970855,99.81006016137458,100.09703271997166,true
200,20.0,99.86584730435322,0.2707259461128757,99.6913109653753,99.96203691148817,false
200,20.0,100.15209755801374,0.2814342785582937,99.9710548828109,100.2524891613692,true
200,20.0,100.10180789940878,0.2917917023138301,99.9163188790577,100.20811058137153,true
200,20.0,100.48367398515883,0.273920397708153,100.31339517185174,100.58731556955989,false
200,20.0,99.87322379033661,0.28631283488597603,99.69299280176433,99.97930563665031,false
200,20.0,100.14380890398058,0.2814670496724432,99.96149110934633,100.24295815901877,true
200,20.0,99.9456346407688,0.27816814921524724,99.77215726626167,100.05032541547692,true
200,20.0,100.5703101173353,0.26768279870685774,100.40015861890083,100.66784141760769,false
200,20.0,99.85801212138136,0.2828503551441628,99.68279045833403,99.96564081347819,false
200,20.0,100.1657520662481,0.2901501691621746,99.98605365987916,100.27620382904134,true
200,20.0,100.00349052442473,0.2828821781168216,99.82404381015306,100.10692598826988,true
200,20.0,99.94989877209579,0.2697083791535704,99.78519077835253,100.0548991575061,true
200,20.0,99.92301898972642,0.2778617614267489,99.74678416527675,100.0246459267035,true
200,20.0,99.94847526485681,0.28526665501351545,99.76899532251483,100.05426197752834,true
200,20.0,100.19040319805087,0.2790922200338031,100.01688689445731,100.29597911449112,false
200,20.0,99.87296013261971,0.28759373791248777,99.69374922287605,99.98134296078854,false
200,20.0,100.49928057344759,0.2760007524426129,100.32456485021609,100.6005656026587,false
200,20.0,100.39534576019264,0.27638452764611543,100.2214160246455,100.49780055229162,false
200,20.0,99.89370258771812,0.269335040795724,99.72531463795295,99.99464967874867,false
200,20.0,99.97953168305006,0.2618653545709293,99.8152126909004,100.07707804547132,true
200,20.0,100.11558171349766,0.27924191737038484,99.9349402742101,100.21418219158049,true
200,20.0,99.90892826168877,0.26649195753498134,99.73905966241846,100.00555161995344,true
200,20.0,100.00944865339692,0.27167438509577835,99.83770348513617,100.10937787023195,true
200,20.0,99.98904399195747,0.2546885471271594,99.82833234209193,100.08302088921909,true
200,20.0,99.93273268636345,0.2745062247423391,99.76241477244501,100.03692099718735,true
200,20.0,100.04678609593792,0.2707665418288059,99.87836654752324,100.14913308935205,true
200,20.0,100.1329653989416,0.27422627102129127,99.95764464017033,100.23187091119162,true
200,20.0,100.12706584993813,0.2803480691046616,99.95007659275714,100.2304246618618,true
200,20.0,100.0621209292716,0.28383582337110624,99.88258573787958,100.16642156125069,true
200,20.0,99.92855287760528,0.2800305015871629,99.74788528261732,100.02791578420448,true
200,20.0,100.04894305617572,0.2734818803743906,99.87883196468457,100.15231384505896,true
200,20.0,99.97438739119958,0.2805668853870884,99.79602273884126,100.07658962422835,true
200,20.0,99.93759827455763,0.2762908914615281,99.76118675431658,100.03747764577811,true
200,20.0,100.47202980382727,0.26622589120233897,100.30311020777452,100.56933609897686,false
200,20.0,99.93438706501081,0.28621510999006716,99.75345855119114,100.03967366118121,true
200,20.0,100.19437475916835,0.25702320506528054,100.03173933946616,100.28876254453144,false
200,20.0,100.8696354946972,0.298803101942525,100.67870273643146,100.97750583837399,false
200,20.0,100.38175708719314,0.2662110611162092,100.21265681538914,100.47886787650535,false
200,20.0,99.83558668267696,0.2825779284731027,99.6587813693476,99.9413592978207,false
200,20.0,100.00009148796397,0.27060634448662313,99.83175933292186,100.10236567740849,true
